cpt_code,descriptor,work_rvus,section
21920,"Biopsy, soft tissue of back or flank; superficial",2.11,Back and Flank Excision
21925,"Biopsy, soft tissue of back or flank; deep",4.63,Back and Flank Excision
21930,"Excision, tumor, soft tissue of back or flank, subcutaneous; less than 3 cm",4.94,Back and Flank Excision
21931,"Excision, tumor, soft tissue of back or flank, subcutaneous; 3 cm or greater",6.88,Back and Flank Excision
21932,"Excision, tumor, soft tissue of back or flank, subfascial (eg, intramuscular); less than 5 cm",9.82,Back and Flank Excision
21933,"Excision, tumor, soft tissue of back or flank, subfascial (eg, intramuscular); 5 cm or greater",11.13,Back and Flank Excision
21935,"Radical resection of tumor (eg, sarcoma), soft tissue of back or flank; less than 5 cm",15.72,Back and Flank Excision
21936,"Radical resection of tumor (eg, sarcoma), soft tissue of back or flank; 5 cm or greatergreater",22.55,Back and Flank Excision
22010,"Incision and drainage, open, of deep abscess (subfascial), posterior spine; cervical, thoracic,",12.75,Spine Incision
,or cervicothoracic,,Spine Incision
22015,"Incision and drainage, open, of deep abscess (subfascial), posterior spine; lumbar, sacral, or",12.64,Spine Incision
,lumbosacral,,Spine Incision
,,,
22100,"Partial excision of posterior Vertebral compo- nent (eg, spinous process, lamina or facet) for",11,Spine Excision
,"intrinsic bony lesion, single Vertebral segment;",,Spine Excision
,cervical,,Spine Excision
22101,"Partial excision of posterior Vertebral compo- nent (eg, spinous process, lamina or facet) for",11.08,Spine Excision
,"intrinsic bony lesion, single Vertebral segment;",,Spine Excision
,thoracic,,Spine Excision
22102,"Partial excision of posterior Vertebral compo- nent (eg, spinous process, lamina or facet) for",11.08,Spine Excision
,"intrinsic bony lesion, single Vertebral segment;",,Spine Excision
,lumbar,,Spine Excision
22103,"Partial excision of posterior Vertebral compo- nent (eg, spinous process, lamina or facet) for",2.34,Spine Excision
,"intrinsic bony lesion, single Vertebral segment;",,Spine Excision
,each additional segment (List separately in,,Spine Excision
,addition to code for primary procedure),,Spine Excision
,"(Use 22103 in conjunction with 22100, 22101,",,Spine Excision
,22102),,Spine Excision
22110,"Partial excision of Vertebral body, for intrinsic bony lesion, without decompression of spinal",14,Spine Excision
,"cord or nerve root(s), single Vertebral segment;",,Spine Excision
,cervical,,Spine Excision
22112,"Partial excision of Vertebral body, for intrinsic bony lesion, without decompression of spinal",14.07,Spine Excision
,"cord or nerve root(s), single Vertebral segment;",,Spine Excision
,thoracic,,Spine Excision
22114,"Partial excision of Vertebral body, for intrinsic bony lesion, without decompression of spinal",14.07,Spine Excision
,"cord or nerve root(s), single Vertebral segment;",,Spine Excision
,lumbar,,Spine Excision
22116,"Partial excision of Vertebral body, for intrin- sic bony lesion, without decompression of",2.32,Spine Excision
,"spinal cord or nerve root(s), single Vertebral",,Spine Excision
,segment; each additional Vertebral segment,,Spine Excision
,(List separately in addition to code for primary,,Spine Excision
,procedure),,Spine Excision
,"(Use 22116 in conjunction with 22110, 22112,",,Spine Excision
,22114),,Spine Excision
22206,"Osteotomy of spine, posterior or posterolateral approach, 3 columns, 1 Vertebral segment (eg,",37.18,Osteotomy
,pedicle/Vertebral body subtraction); thoracic,,Osteotomy
22207,"Osteotomy of spine, posterior or posterolateral approach, 3 columns, 1 Vertebral segment (eg,",36.68,Osteotomy
,pedicle/Vertebral body subtraction); lumbar,,Osteotomy
22208,"Osteotomy of spine, posterior or posterolater- al approach, 3 columns, 1 Vertebral segment",9.66,Osteotomy
,"(eg, pedicle/Vertebral body subtraction); each",,Osteotomy
,additional Vertebral segment (List separately in,,Osteotomy
,addition to code for primary procedure),,Osteotomy
,"(Use 22208 in conjunction with 22206, 22207)",,Osteotomy
22210,"Osteotomy of spine, posterior or posterolateral approach, 1 Vertebral segment; cervical",25.38,Osteotomy
22212,"Osteotomy of spine, posterior or posterolateral approach, 1 Vertebral segment; thoracic",20.99,Osteotomy
22214,"Osteotomy of spine, posterior or posterolateral approach, 1 Vertebral segment; lumbar",21.02,Osteotomy
22216,"Osteotomy of spine, posterior or posterolateral approach, 1 Vertebral segment; each additional",6.03,Osteotomy
,Vertebral segment (List separately in addition,,Osteotomy
,to primary procedure),,Osteotomy
,"(Use 22216 in conjunction with 22210, 22212,",,Osteotomy
,22214),,Osteotomy
22220,"Osteotomy of spine, including discectomy, anterior approach, single Vertebral segment;",22.94,Osteotomy
,cervical,,Osteotomy
22222,"Osteotomy of spine, including discectomy, anterior approach, single Vertebral segment;",23.09,Osteotomy
,thoracic,,Osteotomy
22224,"Osteotomy of spine, including discectomy, anterior approach, single Vertebral segment;",23.09,Osteotomy
,lumbar,,Osteotomy
22226,"Osteotomy of spine, including discectomy, an- terior approach, single Vertebral segment; each",6.03,Osteotomy
,additional Vertebral segment (List separately in,,Osteotomy
,addition to code for primary procedure),,Osteotomy
,"(Use 22226 in conjunction with 22220, 22222,",,Osteotomy
,22224),,Osteotomy
22310,"Closed treatment of Vertebral body fracture(s), without manipulation, requiring and including",3.45,Fracture and/or Dislocation
,casting or bracing,,Fracture and/or Dislocation
22315,"Closed treatment of Vertebral fracture(s) and/ or dislocation(s) requiring casting or bracing,",10.11,Fracture and/or Dislocation
,with and including casting and/or bracing by,,Fracture and/or Dislocation
,manipulation or traction,,Fracture and/or Dislocation
22318,Open treatment and/or reduction of odontoid fracture(s) and or dislocation(s) (including os,22.72,Fracture and/or Dislocation
,"odontoideum), anterior approach, including",,Fracture and/or Dislocation
,placement of internal fixation; without grafting,,Fracture and/or Dislocation
22319,Open treatment and/or reduction of odontoid fracture(s) and or dislocation(s) (including os,25.33,Fracture and/or Dislocation
,"odontoideum), anterior approach, including",,Fracture and/or Dislocation
,placement of internal fixation; with grafting,,Fracture and/or Dislocation
22325,"Open treatment and/or reduction of Vertebral fracture(s) and/or dislocation(s), posterior",19.87,Fracture and/or Dislocation
,"approach, 1 fractured vertebra or dislocated",,Fracture and/or Dislocation
,segment; lumbar,,Fracture and/or Dislocation
22326,"Open treatment and/or reduction of Vertebral fracture(s) and/or dislocation(s), posterior",20.84,Fracture and/or Dislocation
,"approach, 1 fractured vertebra or dislocated",,Fracture and/or Dislocation
,segment; cervical,,Fracture and/or Dislocation
22327,"Open treatment and/or reduction of Vertebral fracture(s) and/or dislocation(s), posterior",20.77,Fracture and/or Dislocation
,"approach, 1 fractured vertebra or dislocated",,Fracture and/or Dislocation
,segment; thoracic,,Fracture and/or Dislocation
22328,"Open treatment and/or reduction of Vertebral fracture(s) and/or dislocation(s), posterior",4.6,Fracture and/or Dislocation
,"approach, 1 fractured vertebra or dislocated",,Fracture and/or Dislocation
,segment; each additional fractured vertebra or,,Fracture and/or Dislocation
,dislocated segment (List separately in addition,,Fracture and/or Dislocation
,to code for primary procedure),,Fracture and/or Dislocation
,(Use 22328 in conjunction with 22325-22327),,Fracture and/or Dislocation
,,,
22505,"Manipulation of spine requiring anesthesia, any region",1.87,Manipulation
22510,"Percutaneous vertebroplasty (bone biopsy included when performed), 1 Vertebral body,",7.9,Percutaneous Vertebroplasty and Vertebral Augmentation
,"unilateral or bilateral injection, inclusive of all",,Percutaneous Vertebroplasty and Vertebral Augmentation
,imaging guidance; cervicothoracic,,Percutaneous Vertebroplasty and Vertebral Augmentation
22511,"Percutaneous vertebroplasty (bone biopsy included when performed), 1 Vertebral body,",7.33,Percutaneous Vertebroplasty and Vertebral Augmentation
,"unilateral or bilateral injection, inclusive of all",,Percutaneous Vertebroplasty and Vertebral Augmentation
,imaging guidance; lumbosacral,,Percutaneous Vertebroplasty and Vertebral Augmentation
22512,"Percutaneous vertebroplasty (bone biopsy included when performed), 1 Vertebral body,",4,Percutaneous Vertebroplasty and Vertebral Augmentation
,"unilateral or bilateral injection, inclusive of",,Percutaneous Vertebroplasty and Vertebral Augmentation
,all imaging guidance; each additional cervi-,,Percutaneous Vertebroplasty and Vertebral Augmentation
,cothoracic or lumbosacral Vertebral body (List,,Percutaneous Vertebroplasty and Vertebral Augmentation
,separately in addition to code for primary,,Percutaneous Vertebroplasty and Vertebral Augmentation
,procedure),,Percutaneous Vertebroplasty and Vertebral Augmentation
,"(Use 22512 in conjunction with 22510, 22511)",,Percutaneous Vertebroplasty and Vertebral Augmentation
22513,"Percutaneous Vertebral augmentation, includ- ing cavity creation (fracture reduction and",8.65,Percutaneous Vertebroplasty and Vertebral Augmentation
,bone biopsy included when performed) using,,Percutaneous Vertebroplasty and Vertebral Augmentation
,"mechanical device (eg, kyphoplasty), 1 verte-",,Percutaneous Vertebroplasty and Vertebral Augmentation
,"bral body, unilateral or bilateral cannulation,",,Percutaneous Vertebroplasty and Vertebral Augmentation
,inclusive of all imaging guidance; thoracic,,Percutaneous Vertebroplasty and Vertebral Augmentation
22514,"Percutaneous Vertebral augmentation, includ- ing cavity creation (fracture reduction and",7.99,Percutaneous Vertebroplasty and Vertebral Augmentation
,bone biopsy included when performed) using,,Percutaneous Vertebroplasty and Vertebral Augmentation
,"mechanical device (eg, kyphoplasty), 1 verte-",,Percutaneous Vertebroplasty and Vertebral Augmentation
,"bral body, unilateral or bilateral cannulation,",,Percutaneous Vertebroplasty and Vertebral Augmentation
,inclusive of all imaging guidance; lumbar,,Percutaneous Vertebroplasty and Vertebral Augmentation
22515,"Percutaneous Vertebral augmentation, in- cluding cavity creation (fracture reduction",4,Percutaneous Vertebroplasty and Vertebral Augmentation
,and bone biopsy included when performed),,Percutaneous Vertebroplasty and Vertebral Augmentation
,"using mechanical device (eg, kyphoplasty), 1",,Percutaneous Vertebroplasty and Vertebral Augmentation
,"Vertebral body, unilateral or bilateral cannula-",,Percutaneous Vertebroplasty and Vertebral Augmentation
,"tion, inclusive of all imaging guidance; each",,Percutaneous Vertebroplasty and Vertebral Augmentation
,additional thoracic or lumbar Vertebral body,,Percutaneous Vertebroplasty and Vertebral Augmentation
,(List separately in addition to code for primary,,Percutaneous Vertebroplasty and Vertebral Augmentation
,procedure),,Percutaneous Vertebroplasty and Vertebral Augmentation
,"(Use 22515 in conjunction with 22513, 22514)",,Percutaneous Vertebroplasty and Vertebral Augmentation
22526,"Percutaneous intradiscal electrothermal annuloplasty, unilateral or bilateral including",,Percutaneous Augmentation and Annuloplasty
,fluoroscopic guidance; single level,,Percutaneous Augmentation and Annuloplasty
22527,"Percutaneous intradiscal electrothermal annuloplasty, unilateral or bilateral including",3.03,Percutaneous Augmentation and Annuloplasty
,fluoroscopic guidance; 1 or more additional,,Percutaneous Augmentation and Annuloplasty
,levels (List separately in addition to code for,,Percutaneous Augmentation and Annuloplasty
,primary procedure),,Percutaneous Augmentation and Annuloplasty
,(Use 22527 in conjunction with 22526),,Percutaneous Augmentation and Annuloplasty
,,,
,,,
22532,"Arthrodesis, lateral extracavitary technique, including minimal discectomy to prepare inter-",25.99,Arthrodesis Lateral Extracavitary Approach Technique
,space (other than for decompression); thoracic,,Arthrodesis Lateral Extracavitary Approach Technique
22533,"Arthrodesis, lateral extracavitary technique, including minimal discectomy to prepare inter-",24.79,Arthrodesis Lateral Extracavitary Approach Technique
,space (other than for decompression); lumbar,,Arthrodesis Lateral Extracavitary Approach Technique
22534,"Arthrodesis, lateral extracavitary technique, including minimal discectomy to prepare inter-",5.99,Arthrodesis Lateral Extracavitary Approach Technique
,space (other than for decompression); thoracic,,Arthrodesis Lateral Extracavitary Approach Technique
,"or lumbar, each additional Vertebral segment",,Arthrodesis Lateral Extracavitary Approach Technique
,(List separately in addition to code for primary,,Arthrodesis Lateral Extracavitary Approach Technique
,procedure),,Arthrodesis Lateral Extracavitary Approach Technique
,(Use 22534 in conjunction with 22532 and,,Arthrodesis Lateral Extracavitary Approach Technique
,22533),,Arthrodesis Lateral Extracavitary Approach Technique
22548,"Arthrodesis, anterior transoral or extraoral technique, clivus-C1-C2 (atlas-axis), with or",27.06,Anterior or Anterolateral Approach Technique
,without excision of odontoid process,,Anterior or Anterolateral Approach Technique
22551,"Arthrodesis, anterior interbody, including disc space preparation, discectomy, osteophytecto-",25,Anterior or Anterolateral Approach Technique
,my and decompression of spinal cord and/or,,Anterior or Anterolateral Approach Technique
,nerve roots; cervical below C2,,Anterior or Anterolateral Approach Technique
22552,"Arthrodesis, anterior interbody, including disc space preparation, discectomy, osteophytecto-",6.5,Anterior or Anterolateral Approach Technique
,my and decompression of spinal cord and/or,,Anterior or Anterolateral Approach Technique
,"nerve roots; cervical below C2, each additional",,Anterior or Anterolateral Approach Technique
,interspace (List separately in addition to code,,Anterior or Anterolateral Approach Technique
,for separate procedure),,Anterior or Anterolateral Approach Technique
,(Use 22552 in conjunction with 22551),,Anterior or Anterolateral Approach Technique
22554,"Arthrodesis, anterior interbody technique, including minimal discectomy to prepare inter-",17.69,Anterior or Anterolateral Approach Technique
,space (other than for decompression); cervical,,Anterior or Anterolateral Approach Technique
,below C2,,Anterior or Anterolateral Approach Technique
22556,"Arthrodesis, anterior interbody technique",24.7,Anterior or Anterolateral Approach Technique
,including minimal discectomy to prepare inter-,,Anterior or Anterolateral Approach Technique
,space (other than for decompression); thoracic,,Anterior or Anterolateral Approach Technique
22558,"Arthrodesis, anterior interbody technique",23.53,Anterior or Anterolateral Approach Technique
,including minimal discectomy to prepare inter-,,Anterior or Anterolateral Approach Technique
,space (other than for decompression); lumbar,,Anterior or Anterolateral Approach Technique
22585,"Arthrodesis, anterior interbody technique",5.52,Anterior or Anterolateral Approach Technique
,including minimal discectomy to prepare,,Anterior or Anterolateral Approach Technique
,interspace (other than for decompression);,,Anterior or Anterolateral Approach Technique
,each additional interspace (List separately in,,Anterior or Anterolateral Approach Technique
,addition to code for primary procedure),,Anterior or Anterolateral Approach Technique
,"(Use 22585 in conjunction with 22554, 22556,",,Anterior or Anterolateral Approach Technique
,22558),,Anterior or Anterolateral Approach Technique
22586,"Arthrodesis, pre-sacral interbody technique, including disc space preparation, discectomy,",28.12,Anterior or Anterolateral Approach Technique
,"with posterior instrumentation, with image",,Anterior or Anterolateral Approach Technique
,"guidance, includes bone graft when performed,",,Anterior or Anterolateral Approach Technique
,L5-S1 interspace,,Anterior or Anterolateral Approach Technique
22590,"Arthrodesis, posterior technique, craniocervical (occiput-C2)",21.76,"Posterior, Posterolateral or Lateral Transverse Process Technique"
22595,"Arthrodesis, posterior technique, atlas-axis (C1-C2)",20.64,"Posterior, Posterolateral or Lateral Transverse Process Technique"
22600,"Arthrodesis, posterior or posterolateral tech- nique, single level; cervical below C2 segment",17.4,"Posterior, Posterolateral or Lateral Transverse Process Technique"
22610,"Arthrodesis, posterior or posterolateral technique, single level; thoracic (with lateral",17.28,"Posterior, Posterolateral or Lateral Transverse Process Technique"
,"transverse technique, when performed)",,"Posterior, Posterolateral or Lateral Transverse Process Technique"
22612,"Arthrodesis, posterior or posterolateral technique, single level; lumbar (with lateral",23.53,"Posterior, Posterolateral or Lateral Transverse Process Technique"
,"transverse technique, when performed)",,"Posterior, Posterolateral or Lateral Transverse Process Technique"
22614,"Arthrodesis, posterior or posterolateral tech- nique, single level; each additional Vertebral",6.43,"Posterior, Posterolateral or Lateral Transverse Process Technique"
,segment (List separately in addition to code for,,"Posterior, Posterolateral or Lateral Transverse Process Technique"
,primary procedure),,"Posterior, Posterolateral or Lateral Transverse Process Technique"
22630,"Arthrodesis, posterior interbody technique, including laminectomy and/or discectomy to",22.09,"Posterior, Posterolateral or Lateral Transverse Process Technique"
,prepare interspace (other than for decompres-,,"Posterior, Posterolateral or Lateral Transverse Process Technique"
,"sion), single interspace; lumbar",,"Posterior, Posterolateral or Lateral Transverse Process Technique"
22632,"Arthrodesis, posterior interbody technique, including laminectomy and/or discectomy",5.22,"Posterior, Posterolateral or Lateral Transverse Process Technique"
,to prepare interspace (other than for decom-,,"Posterior, Posterolateral or Lateral Transverse Process Technique"
,"pression), single interspace; each additional",,"Posterior, Posterolateral or Lateral Transverse Process Technique"
,interspace (List separately in addition to code,,"Posterior, Posterolateral or Lateral Transverse Process Technique"
,for primary procedure),,"Posterior, Posterolateral or Lateral Transverse Process Technique"
22633,"Arthrodesis, combined posterior or postero- lateral technique with posterior interbody",27.75,"Posterior, Posterolateral or Lateral Transverse Process Technique"
,technique including laminectomy and/or dis-,,"Posterior, Posterolateral or Lateral Transverse Process Technique"
,cectomy sufficient to prepare interspace (other,,"Posterior, Posterolateral or Lateral Transverse Process Technique"
,"than for decompression), single interspace and",,"Posterior, Posterolateral or Lateral Transverse Process Technique"
,segment; lumbar,,"Posterior, Posterolateral or Lateral Transverse Process Technique"
22634,"Arthrodesis, combined posterior or postero- lateral technique with posterior interbody",8.16,"Posterior, Posterolateral or Lateral Transverse Process Technique"
,technique including laminectomy and/or dis-,,"Posterior, Posterolateral or Lateral Transverse Process Technique"
,cectomy sufficient to prepare interspace (other,,"Posterior, Posterolateral or Lateral Transverse Process Technique"
,"than for decompression), single interspace",,"Posterior, Posterolateral or Lateral Transverse Process Technique"
,and segment; each additional interspace and,,"Posterior, Posterolateral or Lateral Transverse Process Technique"
,segment (List separately in addition to code for,,"Posterior, Posterolateral or Lateral Transverse Process Technique"
,primary procedure),,"Posterior, Posterolateral or Lateral Transverse Process Technique"
,(Use 22634 in conjunction with 22633),,"Posterior, Posterolateral or Lateral Transverse Process Technique"
,,,
22800,"Arthrodesis, posterior, for spinal deformity, with or without cast; up to 6 Vertebral seg-",19.5,"Spine Deformity (eg, Scoliosis, Kyphosis)"
,ments,,"Spine Deformity (eg, Scoliosis, Kyphosis)"
22802,"Arthrodesis, posterior, for spinal deformity, with or without cast; 7 to 12 Vertebral seg-",32.11,"Spine Deformity (eg, Scoliosis, Kyphosis)"
,ments,,"Spine Deformity (eg, Scoliosis, Kyphosis)"
22804,"Arthrodesis, posterior, for spinal deformity, with or without cast; 13 or more Vertebral",37.5,"Spine Deformity (eg, Scoliosis, Kyphosis)"
,segments,,"Spine Deformity (eg, Scoliosis, Kyphosis)"
22808,"Arthrodesis, anterior, for spinal deformity, with or without cast; 2 to 3 Vertebral segments",27.51,"Spine Deformity (eg, Scoliosis, Kyphosis)"
22810,"Arthrodesis, anterior, for spinal deformity, with or without cast; 4 to 7 Vertebral segments",31.5,"Spine Deformity (eg, Scoliosis, Kyphosis)"
22812,"Arthrodesis, anterior, for spinal deformity, with or without cast; 8 or more Vertebral segments",34.25,"Spine Deformity (eg, Scoliosis, Kyphosis)"
22818,"Kyphectomy, circumferential exposure of spine and resection of Vertebral segment(s) (includ-",34.33,"Spine Deformity (eg, Scoliosis, Kyphosis)"
,ing body and posterior elements); single or 2,,"Spine Deformity (eg, Scoliosis, Kyphosis)"
,segments,,"Spine Deformity (eg, Scoliosis, Kyphosis)"
22819,"Kyphectomy, circumferential exposure of spine and resection of Vertebral segment(s) (includ-",39.38,"Spine Deformity (eg, Scoliosis, Kyphosis)"
,ing body and posterior elements); 3 or more,,"Spine Deformity (eg, Scoliosis, Kyphosis)"
,segments,,"Spine Deformity (eg, Scoliosis, Kyphosis)"
,,,
22830,Exploration of spinal fusion,11.22,Exploration
,,,
22840,"Posterior non-segmental instrumentation (eg,
Harrington rod technique, pedicle fixation",11.22,Spinal Instrumentation
,"across 1 interspace, atlantoaxial transarticular",,Spinal Instrumentation
,"screw fixation, sublaminar wiring at C1, facet",,Spinal Instrumentation
,screw fixation) (List separately in addition to,,Spinal Instrumentation
,code for primary procedure),,Spinal Instrumentation
,"(Use 22840 in conjunction with 22100-22102,",,Spinal Instrumentation
,"22110-22114, 22206, 22207, 22210-22214,",,Spinal Instrumentation
,"22220-22224, 22310-22327, 22532, 22533,",,Spinal Instrumentation
,"22548-22558, 22590-22612, 22630, 22633,",,Spinal Instrumentation
,"22634, 22800-22812, 63001-63030, 63040-",,Spinal Instrumentation
,"63042, 63045-63047, 63050-63056, 63064,",,Spinal Instrumentation
,"63075, 63077, 63081, 63085, 63087, 63090,",,Spinal Instrumentation
,"63101, 63102, 63170-63290, 63300-63307)",,Spinal Instrumentation
22841,"Internal spinal fixation by wiring of spinous
processes (List separately in addition to code",12.52,Spinal Instrumentation
,for primary procedure),,Spinal Instrumentation
,"(Use 22841 in conjunction with 22100-22102,",,Spinal Instrumentation
,"22110-22114, 22206, 22207, 22210-22214,",,Spinal Instrumentation
,"22220-22224, 22310-22327, 22532, 22533,",,Spinal Instrumentation
,"22548-22558, 22590-22612, 22630, 22633,",,Spinal Instrumentation
,"22634, 22800-22812, 63001-63030, 63040-",,Spinal Instrumentation
,"63042, 63045-63047, 63050-63056, 63064,",,Spinal Instrumentation
,"63075, 63077, 63081, 63085, 63087, 63090,",,Spinal Instrumentation
,"63101, 63102, 63170-63290, 63300-63307)",,Spinal Instrumentation
22842,"Posterior segmental instrumentation (eg, pedi-
cle fixation, dual rods with multiple hooks and",0,Spinal Instrumentation
,sublaminar wires); 3 to 6 Vertebral segments,,Spinal Instrumentation
,(List separately in addition to code for primary,,Spinal Instrumentation
,procedure),,Spinal Instrumentation
,"(Use 22842 in conjunction with 22100-22102,",,Spinal Instrumentation
,"22110-22114, 22206, 22207, 22210-22214,",,Spinal Instrumentation
,"22220-22224, 22310-22327, 22532, 22533,",,Spinal Instrumentation
,"22548-22558, 22590-22612, 22630, 22633,",,Spinal Instrumentation
,"22634, 22800-22812, 63001-63030, 63040-",,Spinal Instrumentation
,"63042, 63045-63047, 63050-63056, 63064,",,Spinal Instrumentation
,"63075, 63077, 63081, 63085, 63087, 63090,",,Spinal Instrumentation
,"63101, 63102, 63170-63290, 63300-63307)",,Spinal Instrumentation
22843,"Posterior segmental instrumentation (eg, pedi-
cle fixation, dual rods with multiple hooks and",12.56,Spinal Instrumentation
,sublaminar wires); 7 to 12 Vertebral segments,,Spinal Instrumentation
,(List separately in addition to code for primary,,Spinal Instrumentation
,procedure),,Spinal Instrumentation
,"(Use 22843 in conjunction with 22100-22102,",,Spinal Instrumentation
,"22110-22114, 22206, 22207, 22210-22214,",,Spinal Instrumentation
,"22220-22224, 22310-22327, 22532, 22533,",,Spinal Instrumentation
,"22548-22558, 22590-22612, 22630, 22633,",,Spinal Instrumentation
,"22634, 22800-22812, 63001-63030, 63040-",,Spinal Instrumentation
,"63042, 63045-63047, 63050-63056, 63064,",,Spinal Instrumentation
,"63075, 63077, 63081, 63085, 63087, 63090,",,Spinal Instrumentation
,"63101, 63102, 63170-63290, 63300-63307)",,Spinal Instrumentation
22844,"Posterior segmental instrumentation (eg,
pedicle fixation, dual rods with multiple hooks",16.42,Spinal Instrumentation
,and sublaminar wires); 13 or more Vertebral,,Spinal Instrumentation
,segments (List separately in addition to code,,Spinal Instrumentation
,for primary procedure),,Spinal Instrumentation
,"(Use 22844 in conjunction with 22100-22102,",,Spinal Instrumentation
,"22110-22114, 22206, 22207, 22210-22214,",,Spinal Instrumentation
,"22220-22224, 22310-22327, 22532, 22533,",,Spinal Instrumentation
,"22548-22558, 22590-22612, 22630, 22633,",,Spinal Instrumentation
,"22634, 22800-22812, 63001-63030, 63040-",,Spinal Instrumentation
,"63042, 63045-63047, 63050-63056, 63064,",,Spinal Instrumentation
,"63075, 63077, 63081, 63085, 63087, 63090,",,Spinal Instrumentation
,"63101, 63102, 63170-63290, 63300-63307)",,Spinal Instrumentation
22845,Anterior instrumentation; 2 to 3 Vertebral seg- ments (List separately in addition to code for,11.94,Spinal Instrumentation
,primary procedure),,Spinal Instrumentation
,"(Use 22845 in conjunction with 22100-22102,",,Spinal Instrumentation
,"22110-22114, 22206, 22207, 22210-22214,",,Spinal Instrumentation
,"22220-22224, 22310-22327, 22532, 22533,",,Spinal Instrumentation
,"22548-22558, 22590-22612, 22630, 22633,",,Spinal Instrumentation
,"22634, 22800-22812, 63001-63030, 63040-",,Spinal Instrumentation
,"63042, 63045-63047, 63050-63056, 63064,",,Spinal Instrumentation
,"63075, 63077, 63081, 63085, 63087, 63090,",,Spinal Instrumentation
,"63101, 63102, 63170-63290, 63300-63307)",,Spinal Instrumentation
22846,Anterior instrumentation; 4 to 7 Vertebral seg- ments (List separately in addition to code for,12.4,Spinal Instrumentation
,primary procedure),,Spinal Instrumentation
,"(Use 22846 in conjunction with 22100-22102,",,Spinal Instrumentation
,"22110-22114, 22206, 22207, 22210-22214,",,Spinal Instrumentation
,"22220-22224, 22310-22327, 22532, 22533,",,Spinal Instrumentation
,"22548-22558, 22590-22612, 22630, 22633,",,Spinal Instrumentation
,"22634, 22800-22812, 63001-63030, 63040-",,Spinal Instrumentation
,"63042, 63045-63047, 63050-63056, 63064,",,Spinal Instrumentation
,"63075, 63077, 63081, 63085, 63087, 63090,",,Spinal Instrumentation
,"63101, 63102, 63170-63290, 63300-63307)",,Spinal Instrumentation
22847,Anterior instrumentation; 8 or more Vertebral segments (List separately in addition to code,13.78,Spinal Instrumentation
,for primary procedure),,Spinal Instrumentation
,"(Use 22847 in conjunction with 22100-22102,",,Spinal Instrumentation
,"22110-22114, 22206, 22207, 22210-22214,",,Spinal Instrumentation
,"22220-22224, 22310-22327, 22532, 22533,",,Spinal Instrumentation
,"22548-22558, 22590-22612, 22630, 22633,",,Spinal Instrumentation
,"22634, 22800-22812, 63001-63030, 63040-",,Spinal Instrumentation
,"63042, 63045-63047, 63050-63056, 63064,",,Spinal Instrumentation
,"63075, 63077, 63081, 63085, 63087, 63090,",,Spinal Instrumentation
,"63101, 63102, 63170-63290, 63300-63307)",,Spinal Instrumentation
22848,"Pelvic fixation (attachment of caudal end of
instrumentation to pelvic bony structures) other",5.99,Spinal Instrumentation
,than sacrum (List separately in addition to code,,Spinal Instrumentation
,for primary procedure),,Spinal Instrumentation
,"(Use 22848 in conjunction with 22100-22102,",,Spinal Instrumentation
,"22110-22114, 22206, 22207, 22210-22214,",,Spinal Instrumentation
,"22220-22224, 22310-22327, 22532, 22533,",,Spinal Instrumentation
,"22548-22558, 22590-22612, 22630, 22633,",,Spinal Instrumentation
,"22634, 22800-22812, 63001-63030, 63040-",,Spinal Instrumentation
,"63042, 63045-63047, 63050-63056, 63064,",,Spinal Instrumentation
,"63075, 63077, 63081, 63085, 63087, 63090,",,Spinal Instrumentation
,"63101, 63102, 63170-63290, 63300-63307)",,Spinal Instrumentation
22849,Reinsertion of spinal fixation device,19.17,Spinal Instrumentation
22850,"Removal of posterior nonsegmental instrumen- tation (eg, Harrington rod)",9.82,Spinal Instrumentation
22852,Removal of posterior segmental instrumenta- tion,9.37,Spinal Instrumentation
22853,"Insertion of interbody biomechanical device(s) (eg, synthetic cage, mesh) with integral ante-",4.25,Spinal Instrumentation
,"rior instrumentation for device anchoring (eg,",,Spinal Instrumentation
,"screws, flanges), when performed, to interver-",,Spinal Instrumentation
,tebral disc space in conjunction with interbody,,Spinal Instrumentation
,"arthrodesis, each interspace (List separately in",,Spinal Instrumentation
,addition to code for primary procedure),,Spinal Instrumentation
,"Use 22853 in conjunction with 22100-22102,",,Spinal Instrumentation
,"22110-22114, 22206, 22207, 22210-22214,",,Spinal Instrumentation
,"22220-22224, 22310-22327, 22532, 22533,",,Spinal Instrumentation
,"22548-22558, 22590-22612, 22630, 22633,",,Spinal Instrumentation
,"22634, 22800-22812, 63001-63030, 63040-",,Spinal Instrumentation
,"63042, 63045-63047, 63050-63056, 63064,",,Spinal Instrumentation
,"63075, 63077, 63081, 63085, 63087, 63090,",,Spinal Instrumentation
,"63101, 63102, 63170-63290, 63300-63307)",,Spinal Instrumentation
22854,"Insertion of interVertebral biomechanical de- vice(s) (eg, synthetic cage, mesh) with integral",5.5,Spinal Instrumentation
,anterior instrumentation for device anchoring,,Spinal Instrumentation
,"(eg, screws, flanges), when performed, to ver-",,Spinal Instrumentation
,tebral corpectomy(ies) (Vertebral body resec-,,Spinal Instrumentation
,"tion, partial or complete) defect, in conjunction",,Spinal Instrumentation
,"with interbody arthrodesis, each contiguous",,Spinal Instrumentation
,defect (List separately in addition to code for,,Spinal Instrumentation
,primary procedure),,Spinal Instrumentation
,"Use 22854 in conjunction with 22100-22102,",,Spinal Instrumentation
,"22110-22114, 22206, 22207, 22210-22214,",,Spinal Instrumentation
,"22220-22224, 22310-22327, 22532, 22533,",,Spinal Instrumentation
,"22548-22558, 22590-22612, 22630, 22633,",,Spinal Instrumentation
,"22634, 22800-22812, 63001-63030, 63040-",,Spinal Instrumentation
,"63042, 63045-63047, 63050-63056, 63064,",,Spinal Instrumentation
,"63075, 63077, 63081, 63085, 63087, 63090,",,Spinal Instrumentation
,"63101, 63102, 63170-63290, 63300-63307)",,Spinal Instrumentation
22855,Removal of anterior instrumentation,15.86,Spinal Instrumentation
22856,"Total disc arthroplasty (artificial disc), anterior
approach, including discectomy with end plate",24.05,Spinal Instrumentation
,preparation (includes osteophytectomy for,,Spinal Instrumentation
,nerve root or spinal cord decompression and,,Spinal Instrumentation
,"microdissection); single interspace, cervical",,Spinal Instrumentation
22857,"Total disc arthroplasty (artificial disc), anterior
approach, including discectomy to prepare in-",27.13,Spinal Instrumentation
,"terspace (other than for decompression), single",,Spinal Instrumentation
,"interspace, lumbar",,Spinal Instrumentation
22858,"Total disc arthroplasty (artificial disc), anterior
approach, including discectomy with end",8.4,Spinal Instrumentation
,plate preparation (includes osteophytectomy,,Spinal Instrumentation
,for nerve root or spinal cord decompression,,Spinal Instrumentation
,"and microdissection); second level, cervical",,Spinal Instrumentation
,(List separately in addition to code for primary,,Spinal Instrumentation
,procedure),,Spinal Instrumentation
,(Use 22858 in conjunction with 22856),,Spinal Instrumentation
22859,"Insertion of interVertebral biomechanical de- vice(s) (eg, synthetic cage, mesh, methylmeth-",5.5,Spinal Instrumentation
,acrylate) to interVertebral disc space or verte-,,Spinal Instrumentation
,"bral body defect without interbody arthrodesis,",,Spinal Instrumentation
,each contiguous defect (List separately in,,Spinal Instrumentation
,addition to code for primary procedure),,Spinal Instrumentation
,"Use 22859 in conjunction with 22100-22102,",,Spinal Instrumentation
,"22110-22114, 22206, 22207, 22210-22214,",,Spinal Instrumentation
,"22220-22224, 22310-22327, 22532, 22533,",,Spinal Instrumentation
,"22548-22558, 22590-22612, 22630, 22633,",,Spinal Instrumentation
,"22634, 22800-22812, 63001-63030, 63040-",,Spinal Instrumentation
,"63042, 63045-63047, 63050-63056, 63064,",,Spinal Instrumentation
,"63075, 63077, 63081, 63085, 63087, 63090,",,Spinal Instrumentation
,"63101, 63102, 63170-63290, 63300-63307)",,Spinal Instrumentation
22861,"Revision including replacement of total disc
arthroplasty (artificial disc), anterior approach,",33.36,Spinal Instrumentation
,single interspace; cervical,,Spinal Instrumentation
22862,"Revision including replacement of total disc
arthroplasty (artificial disc), anterior approach,",32.63,Spinal Instrumentation
,single interspace; lumbar,,Spinal Instrumentation
22864,"Removal of total disc arthroplasty (artificial
disc), anterior approach, single interspace;",29.4,Spinal Instrumentation
,cervical,,Spinal Instrumentation
22865,"Removal of total disc arthroplasty (artificial
disc), anterior approach, single interspace;",31.75,Spinal Instrumentation
,lumbar,,Spinal Instrumentation
22867,"Insertion of interlaminar/interspinous process stabilization/distraction device, without fusion,",13.5,Spinal Instrumentation
,"including image guidance when performed,",,Spinal Instrumentation
,"with open decompression, lumbar; single level",,Spinal Instrumentation
,,,
22868,"Insertion of interlaminar/interspinous process stabilization/distraction device, without fusion, including image guidance when performed, with open decompression, lumbar; second level (List separately in addition to code for primary procedure)",4,Spinal Instrumentation
,(Use 22868 in conjunction with 22867),,Spinal Instrumentation
22869,"Insertion of interlaminar/interspinous process stabilization/distraction device, without open decompression or fusion, including image guidance when performed, lumbar; single level",7.03,Spinal Instrumentation
22870," Insertion of interlaminar/interspinous process stabilization/distraction device, without open decompression or fusion, including image guidance when performed, lumbar; second level (List separately in addition to code for primary procedure) (Use 22870 in conjunction with 22869)",2.34,Spinal Instrumentation
22899,"Unlisted procedure, spine ",0,Other Procedures
62263,Percutaneous lysis of epidural adhesions,5,"Injection, Drainage, or Aspiration"
,"using solution injection (eg, hypertonic saline, enzyme) or mechanical means (eg, catheter) including radiologic localization (includes con-",,"Injection, Drainage, or Aspiration"
,"trast when administered), multiple adhesiolysis sessions; 2 or more days",,"Injection, Drainage, or Aspiration"
62264,Percutaneous lysis of epidural adhesions,4.42,"Injection, Drainage, or Aspiration"
,"using solution injection (eg, hypertonic saline, enzyme) or mechanical means (eg, catheter) including radiologic localization (includes con-",,"Injection, Drainage, or Aspiration"
,"trast when administered), multiple adhesiolysis sessions; 1 day",,"Injection, Drainage, or Aspiration"
62267,Percutaneous aspiration within the nucleus,3,"Injection, Drainage, or Aspiration"
,"pulposus, interVertebral disc, or paraVertebral",,"Injection, Drainage, or Aspiration"
,tissue for diagnostic purposes,,"Injection, Drainage, or Aspiration"
62268," Percutaneous aspiration, spinal cord cyst or  ",4.73,"Injection, Drainage, or Aspiration"
,syrinx,,"Injection, Drainage, or Aspiration"
62269,"Biopsy of spinal cord, percutaneous needle",5.01,"Injection, Drainage, or Aspiration"
62270,"Spinal puncture, lumbar, diagnostic",1.22,"Injection, Drainage, or Aspiration"
62272,"Spinal puncture, therapeutic, for drainage of cerebrospinal fluid (by needle or catheter)",1.58,"Injection, Drainage, or Aspiration"
62273,"Injection, epidural, of blood or clot patch",2.15,"Injection, Drainage, or Aspiration"
62280,"Injection/infusion of neurolytic substance (eg, alcohol, phenol, iced saline solutions), with or without other therapeutic substance; subarach- noid",2.63,"Injection, Drainage, or Aspiration"
62281,"Injection/infusion of neurolytic substance (eg, alcohol, phenol, iced saline solutions), with or without other therapeutic substance; epidural, cervical or thoracic",2.66,"Injection, Drainage, or Aspiration"
62282,"Injection/infusion of neurolytic substance (eg, alcohol, phenol, iced saline solutions), with or without other therapeutic substance; epidural, lumbar, sacral (caudal)",2.33,"Injection, Drainage, or Aspiration"
62284,"Injection procedure for myelography and/or computed tomography, lumbar (other than C1- C2 and posterior fossa)",1.54,"Injection, Drainage, or Aspiration"
62287,"Decompression procedure, percutaneous, of nucleus pulposus of interVertebral disc, any method utilizing needle based technique to remove disc material under fluoroscopic imaging or other form of indirect visualization, with discography and/or epidural injection(s) at the treated level(s), when performed, single or multiple levels, lumbar",9.03,"Injection, Drainage, or Aspiration"
62290,"Injection procedure for discography, each level; lumbar",3,"Injection, Drainage, or Aspiration"
62291,"Injection procedure for discography, each level; cervical or thoracic",2.91,"Injection, Drainage, or Aspiration"
62292,"Injection procedure for chemonucleolysis, in- cluding discography, interVertebral disc, single or multiple levels, lumbar",9.24,"Injection, Drainage, or Aspiration"
62294,"Injection procedure, arterial, for occlusion of arteriovenous malformation, spinal",12.87,"Injection, Drainage, or Aspiration"
62302,"Myelography via lumbar injection, including radiological supervision and interpretation; cervical",2.29,"Injection, Drainage, or Aspiration"
62303,"Myelography via lumbar injection, including radiological supervision and interpretation; thoracic",2.29,"Injection, Drainage, or Aspiration"
62304,"Myelography via lumbar injection, including radiological supervision and interpretation; lumbosacral",2.25,"Injection, Drainage, or Aspiration"
62305,"Myelography via lumbar injection, including radiological supervision and interpretation; 2 or more regions (eg, lumbar/thoracic, cervical/ thoracic, lumbar/cervical, lumbar/thoracic/ cervical)",2.35,"Injection, Drainage, or Aspiration"
62320,"Injection(s), of diagnostic or therapeutic substance(s) (eg, anesthetic, antispasmodic, opioid, steroid, other solution), not including neurolytic substances, including needle or catheter placement, interlaminar epidural or subarachnoid, cervical or thoracic; without imaging guidance",1.8,"Injection, Drainage, or Aspiration"
62321,"Injection(s), of diagnostic or therapeutic substance(s) (eg, anesthetic, antispasmodic, opioid, steroid, other solution), not including neurolytic substances, including needle or catheter placement, interlaminar epidural or subarachnoid, cervical or thoracic; with imag- ing guidance (ie, fluoroscopy or CT)",1.95,"Injection, Drainage, or Aspiration"
62322,"Injection(s), of diagnostic or therapeutic substance(s) (eg, anesthetic, antispasmodic, opioid, steroid, other solution), not including neurolytic substances, including needle or catheter placement, interlaminar epidural or subarachnoid, lumbar or sacral (caudal); with- out imaging guidance",1.55,"Injection, Drainage, or Aspiration"
62323,"Injection(s), of diagnostic or therapeutic substance(s) (eg, anesthetic, antispasmodic, opioid, steroid, other solution), not including neurolytic substances, including needle or catheter placement, interlaminar epidural or subarachnoid, lumbar or sacral (caudal); with imaging guidance (ie, fluoroscopy or CT)",1.8,"Injection, Drainage, or Aspiration"
62324,"Injection(s), including indwelling catheter placement, continuous infusion or intermittent bolus, of diagnostic or therapeutic substance(s) (eg, anesthetic, antispasmodic, opioid, steroid, other solution), not including neurolytic sub- stances, interlaminar epidural or subarachnoid, cervical or thoracic; without imaging guidance",1.89,"Injection, Drainage, or Aspiration"
62325,"Injection(s), including indwelling catheter placement, continuous infusion or intermittent bolus, of diagnostic or therapeutic substance(s) (eg, anesthetic, antispasmodic, opioid, steroid, other solution), not including neurolytic sub- stances, interlaminar epidural or subarachnoid, cervical or thoracic; with imaging guidance (ie, fluoroscopy or CT)",2.2,"Injection, Drainage, or Aspiration"
62326,"Injection(s), including indwelling catheter placement, continuous infusion or intermittent bolus, of diagnostic or therapeutic substance(s) (eg, anesthetic, antispasmodic, opioid, steroid, other solution), not including neurolytic sub- stances, interlaminar epidural or subarachnoid, lumbar or sacral (caudal); without imaging guidance",1.78,"Injection, Drainage, or Aspiration"
62327,"Injection(s), including indwelling catheter placement, continuous infusion or intermittent bolus, of diagnostic or therapeutic substance(s) (eg, anesthetic, antispasmodic, opioid, steroid, other solution), not including neurolytic substances, interlaminar epidural or subarach- noid, lumbar or sacral (caudal); with imaging guidance (ie, fluoroscopy or CT)",1.9,"Injection, Drainage, or Aspiration"
62328,"Spinal puncture, lumbar, diagnostic; with fluo- roscopic or CT guidance",1.73,"Injection, Drainage, or Aspiration"
62329,"Spinal puncture, therapeutic, for drainage of cerebrospinal fluid (by needle or catheter); with fluoroscopic or CT guidance",2.03,"Injection, Drainage, or Aspiration"
62350,"Implantation, revision or repositioning of tun- neled intrathecal or epidural catheter, for long- term medication administration via an external pump or implantable reservoir/infusion pump; without laminectomy",6.05,Catheter Implantation
62351,"Implantation, revision or repositioning of tun- neled intrathecal or epidural catheter, for long- term medication administration via an external pump or implantable reservoir/infusion pump; with laminectomy",11.66,Catheter Implantation
62355,Removal of previously implanted intrathecal or epidural catheter,3.55,Catheter Implantation
62360,Implantation or replacement of device for intrathecal or epidural drug infusion; subcuta- neous reservoir,4.33,Reservoir/Pump Implantation
62361,Implantation or replacement of device for intrathecal or epidural drug infusion; nonpro- grammable pump,5,Reservoir/Pump Implantation
62362,"Implantation or replacement of device for intrathecal or epidural drug infusion; program- mable pump, including preparation of pump, with or without programming",5.6,Reservoir/Pump Implantation
62365,"Removal of subcutaneous reservoir or pump, previously implanted for intrathecal or epidural infusion",3.93,Reservoir/Pump Implantation
62367,"Electronic analysis of programmable, implant- ed pump for intrathecal or epidural drug infu- sion (includes evaluation of reservoir status, alarm status, drug prescription status); without reprogramming or refill",0.48,Reservoir/Pump Implantation
62368,"Electronic analysis of programmable, im- planted pump for intrathecal or epidural drug infusion (includes evaluation of reservoir status, alarm status, drug prescription status); with reprogramming",0.67,Reservoir/Pump Implantation
62369,"Electronic analysis of programmable, im- planted pump for intrathecal or epidural drug infusion (includes evaluation of reservoir status, alarm status, drug prescription status); with reprogramming and refill",0.67,Reservoir/Pump Implantation
62370,"Electronic analysis of programmable, im- planted pump for intrathecal or epidural drug infusion (includes evaluation of reservoir status, alarm status, drug prescription status); with reprogramming and refill (requiring skill of a physician or other qualified health care professional)",0.9,Reservoir/Pump Implantation
62380,"Endoscopic decompression of spinal cord, nerve root(s), including laminotomy, partial facetectomy, foraminotomy, discectomy and/ or excision of herniated interVertebral disc, 1 interspace, lumbar",0,Reservoir/Pump Implantation
,,,
63001,"Laminectomy with exploration and/or decom-
pression of spinal cord and/or cauda equina, without facetectomy, foraminotomy or dis- cectomy (eg, spinal stenosis), 1 or 2 Vertebral segments; cervical",17.61,Posterior Extradural Laminotomy or Laminectomy for Exploration/ Decompression of Neural Elements or Excision of Herniated Intervertebral Discs
63003,"Laminectomy with exploration and/or decom- pression of spinal cord and/or cauda equina, without facetectomy, foraminotomy or dis- cectomy (eg, spinal stenosis), 1 or 2 Vertebral segments; thoracic",17.74,Posterior Extradural Laminotomy or Laminectomy for Exploration/ Decompression of Neural Elements or Excision of Herniated Intervertebral Discs
63005,"Laminectomy with exploration and/or decom- pression of spinal cord and/or cauda equina, without facetectomy, foraminotomy or dis- cectomy (eg, spinal stenosis), 1 or 2 Vertebral segments; lumbar, except for spondylolisthesis",16.43,Posterior Extradural Laminotomy or Laminectomy for Exploration/ Decompression of Neural Elements or Excision of Herniated Intervertebral Discs
63011,"Laminectomy with exploration and/or decom- pression of spinal cord and/or cauda equina, without facetectomy, foraminotomy or dis- cectomy (eg, spinal stenosis), 1 or 2 Vertebral segments; sacral",15.91,Posterior Extradural Laminotomy or Laminectomy for Exploration/ Decompression of Neural Elements or Excision of Herniated Intervertebral Discs
63012,"Laminectomy with removal of abnormal facets and/or pars inter-articularis with decompres- sion of cauda equina and nerve roots for spon- dylolisthesis, lumbar (   ill type procedure)",16.85,Posterior Extradural Laminotomy or Laminectomy for Exploration/ Decompression of Neural Elements or Excision of Herniated Intervertebral Discs
63015,"Laminectomy with exploration and/or decompression of spinal cord and/or cauda equina, without facetectomy, foraminotomy or discectomy (eg, spinal stenosis), more than 2 Vertebral segments; cervical",20.85,Posterior Extradural Laminotomy or Laminectomy for Exploration/ Decompression of Neural Elements or Excision of Herniated Intervertebral Discs
63016,"Laminectomy with exploration and/or decompression of spinal cord and/or cauda equina, without facetectomy, foraminotomy or discectomy (eg, spinal stenosis), more than 2 Vertebral segments; thoracic",22.03,Posterior Extradural Laminotomy or Laminectomy for Exploration/ Decompression of Neural Elements or Excision of Herniated Intervertebral Discs
63017,"Laminectomy with exploration and/or decompression of spinal cord and/or cauda equina, without facetectomy, foraminotomy or discectomy (eg, spinal stenosis), more than 2 Vertebral segments; lumbar",17.33,Posterior Extradural Laminotomy or Laminectomy for Exploration/ Decompression of Neural Elements or Excision of Herniated Intervertebral Discs
63020,"Laminotomy (hemilaminectomy), with de- compression of nerve root(s), including partial facetectomy, foraminotomy and/or excision
of herniated interVertebral disc; 1 interspace, cervical",16.2,Posterior Extradural Laminotomy or Laminectomy for Exploration/ Decompression of Neural Elements or Excision of Herniated Intervertebral Discs
63030,"Laminotomy (hemilaminectomy), with de- compression of nerve root(s), including partial facetectomy, foraminotomy and/or excision
of herniated interVertebral disc; 1 interspace, lumbar",13.18,Posterior Extradural Laminotomy or Laminectomy for Exploration/ Decompression of Neural Elements or Excision of Herniated Intervertebral Discs
+63035,"Laminotomy (hemilaminectomy), with de- compression of nerve root(s), including partial facetectomy, foraminotomy and/or excision of herniated interVertebral disc; each additional interspace, cervical or lumbar (List separately in addition to code for primary procedure) (Use 63035 in conjunction with 63020-63030)",3.15,Posterior Extradural Laminotomy or Laminectomy for Exploration/ Decompression of Neural Elements or Excision of Herniated Intervertebral Discs
63040,"Laminotomy (hemilaminectomy), with de- compression of nerve root(s), including partial facetectomy, foraminotomy and/or excision
of herniated interVertebral disc, reexploration, single interspace; cervical",20.31,Posterior Extradural Laminotomy or Laminectomy for Exploration/ Decompression of Neural Elements or Excision of Herniated Intervertebral Discs
63042,"Laminotomy (hemilaminectomy), with de- compression of nerve root(s), including partial facetectomy, foraminotomy and/or excision
of herniated interVertebral disc, reexploration, single interspace; lumbar",18.76,Posterior Extradural Laminotomy or Laminectomy for Exploration/ Decompression of Neural Elements or Excision of Herniated Intervertebral Discs
+63043,"Laminotomy (hemilaminectomy), with de- compression of nerve root(s), including partial facetectomy, foraminotomy and/or excision
of herniated interVertebral disc, reexploration, single interspace; each additional cervical interspace (List separately in addition to code for primary procedure)
(Use 63043 in conjunction with 63040)",0,Posterior Extradural Laminotomy or Laminectomy for Exploration/ Decompression of Neural Elements or Excision of Herniated Intervertebral Discs
+63044,"Laminotomy (hemilaminectomy), with de- compression of nerve root(s), including partial facetectomy, foraminotomy and/or excision
of herniated interVertebral disc, reexploration, single interspace; each additional lumbar inter- space (List separately in addition to code for primary procedure)
(Use 63044 in conjunction with 63042)",0,Posterior Extradural Laminotomy or Laminectomy for Exploration/ Decompression of Neural Elements or Excision of Herniated Intervertebral Discs
63045,"Laminectomy, facetectomy and foraminotomy (unilateral or bilateral with decompression of spinal cord, cauda equina and/or nerve root s , eg, spinal or lateral recess stenosis ), single Vertebral segment; cervical",17.95,Posterior Extradural Laminotomy or Laminectomy for Exploration/ Decompression of Neural Elements or Excision of Herniated Intervertebral Discs
63046,"Laminectomy, facetectomy and foraminotomy (unilateral or bilateral with decompression of spinal cord, cauda equina and/or nerve root s , eg, spinal or lateral recess stenosis ), single Vertebral segment; thoracic",17.25,Posterior Extradural Laminotomy or Laminectomy for Exploration/ Decompression of Neural Elements or Excision of Herniated Intervertebral Discs
63047,"Laminectomy, facetectomy and foraminotomy (unilateral or bilateral with decompression of spinal cord, cauda equina and/or nerve root s , eg, spinal or lateral recess stenosis ), single Vertebral segment; lumbar",15.37,Posterior Extradural Laminotomy or Laminectomy for Exploration/ Decompression of Neural Elements or Excision of Herniated Intervertebral Discs
+63048,"Laminectomy, facetectomy and foraminotomy",3.47,Posterior Extradural Laminotomy or Laminectomy for Exploration/ Decompression of Neural Elements or Excision of Herniated Intervertebral Discs
,(unilateral or bilateral with decompression of,,Posterior Extradural Laminotomy or Laminectomy for Exploration/ Decompression of Neural Elements or Excision of Herniated Intervertebral Discs
,"spinal cord, cauda equina and/or nerve root s ,",,Posterior Extradural Laminotomy or Laminectomy for Exploration/ Decompression of Neural Elements or Excision of Herniated Intervertebral Discs
,"eg, spinal or lateral recess stenosis ), single",,Posterior Extradural Laminotomy or Laminectomy for Exploration/ Decompression of Neural Elements or Excision of Herniated Intervertebral Discs
,"Vertebral segment; each additional segment,",,Posterior Extradural Laminotomy or Laminectomy for Exploration/ Decompression of Neural Elements or Excision of Herniated Intervertebral Discs
,"cervical, thoracic, or lumbar (List separately in",,Posterior Extradural Laminotomy or Laminectomy for Exploration/ Decompression of Neural Elements or Excision of Herniated Intervertebral Discs
,addition to code for primary procedure),,Posterior Extradural Laminotomy or Laminectomy for Exploration/ Decompression of Neural Elements or Excision of Herniated Intervertebral Discs
,(Use 63048 in conjunction with 63045-63047),,Posterior Extradural Laminotomy or Laminectomy for Exploration/ Decompression of Neural Elements or Excision of Herniated Intervertebral Discs
63050,"Laminoplasty, cervical, with decompression",22.01,Posterior Extradural Laminotomy or Laminectomy for Exploration/ Decompression of Neural Elements or Excision of Herniated Intervertebral Discs
,"of the spinal cord, two or more Vertebral",,Posterior Extradural Laminotomy or Laminectomy for Exploration/ Decompression of Neural Elements or Excision of Herniated Intervertebral Discs
,segments;,,Posterior Extradural Laminotomy or Laminectomy for Exploration/ Decompression of Neural Elements or Excision of Herniated Intervertebral Discs
63051,"Laminoplasty, cervical, with decompression",25.51,Posterior Extradural Laminotomy or Laminectomy for Exploration/ Decompression of Neural Elements or Excision of Herniated Intervertebral Discs
,"of the spinal cord, two or more Vertebral",,Posterior Extradural Laminotomy or Laminectomy for Exploration/ Decompression of Neural Elements or Excision of Herniated Intervertebral Discs
,segments; with reconstruction of the posterior,,Posterior Extradural Laminotomy or Laminectomy for Exploration/ Decompression of Neural Elements or Excision of Herniated Intervertebral Discs
,bony elements (including the application of,,Posterior Extradural Laminotomy or Laminectomy for Exploration/ Decompression of Neural Elements or Excision of Herniated Intervertebral Discs
,bridging bone graft and non-segmental fixation,,Posterior Extradural Laminotomy or Laminectomy for Exploration/ Decompression of Neural Elements or Excision of Herniated Intervertebral Discs
,"devices (eg, wire, suture, mini-plates), when",,Posterior Extradural Laminotomy or Laminectomy for Exploration/ Decompression of Neural Elements or Excision of Herniated Intervertebral Discs
,performed),,Posterior Extradural Laminotomy or Laminectomy for Exploration/ Decompression of Neural Elements or Excision of Herniated Intervertebral Discs
,,,
63055,Transpedicular approach with decompression,23.55,Transpedicular or CostoVertebral Approach for Posterolateral Extradural Exploration/Decompression
,"of spinal cord, equina and/or nerve root(s) (eg,",,Transpedicular or CostoVertebral Approach for Posterolateral Extradural Exploration/Decompression
,"herniated interVertebral disc), single segment;",,Transpedicular or CostoVertebral Approach for Posterolateral Extradural Exploration/Decompression
,thoracic,,Transpedicular or CostoVertebral Approach for Posterolateral Extradural Exploration/Decompression
63056,Transpedicular approach with decompression,21.86,Transpedicular or CostoVertebral Approach for Posterolateral Extradural Exploration/Decompression
,"of spinal cord, equina and/or nerve root(s) (eg,",,Transpedicular or CostoVertebral Approach for Posterolateral Extradural Exploration/Decompression
,"herniated interVertebral disc), single segment;",,Transpedicular or CostoVertebral Approach for Posterolateral Extradural Exploration/Decompression
,"lumbar (including transfacet, or lateral extra-",,Transpedicular or CostoVertebral Approach for Posterolateral Extradural Exploration/Decompression
,"foraminal approach) (eg, far lateral herniated",,Transpedicular or CostoVertebral Approach for Posterolateral Extradural Exploration/Decompression
,interVertebral disc),,Transpedicular or CostoVertebral Approach for Posterolateral Extradural Exploration/Decompression
+63057,Transpedicular approach with decompression,5.25,Transpedicular or CostoVertebral Approach for Posterolateral Extradural Exploration/Decompression
,"of spinal cord, equina and/or nerve root(s) (eg,",,Transpedicular or CostoVertebral Approach for Posterolateral Extradural Exploration/Decompression
,"herniated interVertebral disc), single segment;",,Transpedicular or CostoVertebral Approach for Posterolateral Extradural Exploration/Decompression
,"each additional segment, thoracic or lumbar",,Transpedicular or CostoVertebral Approach for Posterolateral Extradural Exploration/Decompression
,(List separately in addition to code for primary,,Transpedicular or CostoVertebral Approach for Posterolateral Extradural Exploration/Decompression
,procedure),,Transpedicular or CostoVertebral Approach for Posterolateral Extradural Exploration/Decompression
,"(Use 63057 in conjunction with 63055, 63056)",,Transpedicular or CostoVertebral Approach for Posterolateral Extradural Exploration/Decompression
63064,CostoVertebral approach with decompression,26.22,Transpedicular or CostoVertebral Approach for Posterolateral Extradural Exploration/Decompression
,"of spinal cord or nerve root(s) (eg, herniated",,Transpedicular or CostoVertebral Approach for Posterolateral Extradural Exploration/Decompression
,"interVertebral disc), thoracic; single segment",,Transpedicular or CostoVertebral Approach for Posterolateral Extradural Exploration/Decompression
63066,"CostoVertebral approach with decompression of spinal cord or nerve root(s) (eg, herniated interVertebral disc), thoracic; each additional segment (List separately in addition to code for primary procedure)",3.26,Transpedicular or CostoVertebral Approach for Posterolateral Extradural Exploration/Decompression
,(Use 63066 in conjunction with 63064),,Transpedicular or CostoVertebral Approach for Posterolateral Extradural Exploration/Decompression
63075,"Discectomy, anterior, with decompression of spinal cord and/or nerve root(s), including osteophytectomy; cervical, single interspace",19.6,Anterior or Anterolateral Approach for Extradural Exploration/Decompression
63076,"Discectomy, anterior, with decompression of spinal cord and/or nerve root(s), including osteophytectomy; cervical, each additional interspace (List separately in addition to code for primary procedure)
(Use 63076 in conjunction with 63075)",4.04,Anterior or Anterolateral Approach for Extradural Exploration/Decompression
63077,"Discectomy, anterior, with decompression of spinal cord and/or nerve root(s), including osteophytectomy; thoracic, single interspace",22.88,Anterior or Anterolateral Approach for Extradural Exploration/Decompression
63078,"Discectomy, anterior, with decompression of spinal cord and/or nerve root(s), including osteophytectomy; thoracic, each additional interspace (List separately in addition to code for primary procedure)
(Use 63078 in conjunction with 63077)",3.28,Anterior or Anterolateral Approach for Extradural Exploration/Decompression
63081,"Vertebral corpectomy (Vertebral body resec- tion), partial or complete, anterior approach with decompression of spinal cord and/or nerve root(s); cervical, single segment",26.1,Anterior or Anterolateral Approach for Extradural Exploration/Decompression
63082,"Vertebral corpectomy (Vertebral body resec- tion), partial or complete, anterior approach with decompression of spinal cord and/or nerve root(s); cervical, each additional segment (List separately in addition to code for primary procedure)
(Use 63082 in conjunction with 63081)",4.36,Anterior or Anterolateral Approach for Extradural Exploration/Decompression
63085,"Vertebral corpectomy (Vertebral body resec- tion), partial or complete, transthoracic ap- proach with decompression of spinal cord and/ or nerve root(s); thoracic, single segment",29.47,Anterior or Anterolateral Approach for Extradural Exploration/Decompression
63086,"Vertebral corpectomy (Vertebral body re- section), partial or complete, transthoracic approach with decompression of spinal cord and/or nerve root(s); thoracic, each additional segment (List separately in addition to code for primary procedure)",3.19,Anterior or Anterolateral Approach for Extradural Exploration/Decompression
,(Use 63086 in conjunction with 63085),,Anterior or Anterolateral Approach for Extradural Exploration/Decompression
63087,"Vertebral corpectomy (Vertebral body resec- tion), partial or complete, combined thoraco- lumbar approach with decompression of spinal cord, cauda equina or nerve root(s), lower thoracic or lumbar; single segment",37.53,Anterior or Anterolateral Approach for Extradural Exploration/Decompression
63088,"Vertebral corpectomy (Vertebral body resec- tion), partial or complete, combined thoraco- lumbar approach with decompression of spinal cord, cauda equina or nerve root(s), lower thoracic or lumbar; each additional segment (List separately in addition to code for primary procedure)",4.32,Anterior or Anterolateral Approach for Extradural Exploration/Decompression
,(Use 63088 in conjunction with 63087),,Anterior or Anterolateral Approach for Extradural Exploration/Decompression
63090,"Vertebral corpectomy (Vertebral body resec- tion), partial or complete, transperitoneal or retroperitoneal approach with decompression of spinal cord, cauda equina or nerve root(s), lower thoracic, lumbar, or sacral; single seg- ment",30.93,Anterior or Anterolateral Approach for Extradural Exploration/Decompression
63091,"Vertebral corpectomy (Vertebral body resec- tion), partial or complete, transperitoneal or retroperitoneal approach with decompression of spinal cord, cauda equina or nerve root(s), lower thoracic, lumbar, or sacral; each addi- tional segment (List separately in addition to code for primary procedure)",3.03,Anterior or Anterolateral Approach for Extradural Exploration/Decompression
,(Use 63091 in conjunction with 63090),,Anterior or Anterolateral Approach for Extradural Exploration/Decompression
63101,"Vertebral corpectomy (vertebral body resection), partial or complete, lateral extracavitary approach with decompression of spinal cord and/or nerve root(s) (eg, for tumor or retropulsed bone fragments); thoracic, single segment ",34.1,Lateral Extracavitary Approach for Extradural Exploration/Decompression
63102,"Vertebral corpectomy (Vertebral body resec-tion), partial or complete, lateral extracavi- tary approach with decompression of spinal cord and/or nerve root(s) (eg, for tumor or retropulsed bone fragments); lumbar, single segment",34.1,Lateral Extracavitary Approach for Extradural Exploration/Decompression
+63103,"Vertebral corpectomy (Vertebral body resec- tion), partial or complete, lateral extracavitary approach with decompression of spinal cord and/or nerve root(s) (eg, for tumor or retro- pulsed bone fragments); thoracic or lumbar, each additional segment (List separately in addition to code for primary procedure)
(Use 63103 in conjunction with 63101 and 63102)",4.82,Lateral Extracavitary Approach for Extradural Exploration/Decompression
,,,
63170,"Laminectomy with myelotomy (eg,    ischof or    REZ type), cervical, thoracic, or thoraco- lumbar",22.21,Incision
63172,Laminectomy with drainage of intramedullary cyst/syrinx; to subarachnoid space,19.76,Incision
63173,Laminectomy with drainage of intramedullary cyst/syrinx; to peritoneal or pleural space,24.31,Incision
63185,Laminectomy with rhizotomy; 1 or 2 segments,16.49,Incision
63190,Laminectomy with rhizotomy; more than 2 segments,18.89,Incision
63191,Laminectomy with section of spinal accessory nerve,18.92,Incision
63194,"Laminectomy with cordotomy, with section of 1 spinothalamic tract, 1 stage; cervical",22.1,Incision
63195,"Laminectomy with cordotomy, with section of 1 spinothalamic tract, 1 stage; thoracic",21.64,Incision
63196,"Laminectomy with cordotomy, with section of both spinothalamic tracts, 1 stage; cervical",25.27,Incision
63197,"Laminectomy with cordotomy, with section of both spinothalamic tracts, 1 stage; thoracic",24.08,Incision
63198,"Laminectomy with cordotomy with section of both spinothalamic tracts, 2 stages within 14 days; cervical",29.9,Incision
63199,"Laminectomy with cordotomy with section of both spinothalamic tracts, 2 stages within 14 days; thoracic",31.47,Incision
63200,"Laminectomy, with release of tethered spinal cord, lumbar",21.44,Incision
63250,Laminectomy for excision or occlusion of arteriovenous malformation of spinal cord; cervical,43.86,Incision
63251,Laminectomy for excision or occlusion of arteriovenous malformation of spinal cord; thoracic,44.64,Incision
63252,Laminectomy for excision or occlusion of arteriovenous malformation of spinal cord; thoracolumbar,44.63,Incision
63265,"Laminectomy for excision or evacuation of intraspinal lesion other than neoplasm, extra- dural; cervical",23.82,Incision
63266,"Laminectomy for excision or evacuation of intraspinal lesion other than neoplasm, extra- dural; thoracic",24.68,Incision
63267,"Laminectomy for excision or evacuation of intraspinal lesion other than neoplasm, extra- dural; lumbar",19.45,Incision
63268,"Laminectomy for excision or evacuation of intraspinal lesion other than neoplasm, extra- dural; sacral",20.02,Incision
63270,"Laminectomy for excision of intraspinal lesion other than neoplasm, intradural; cervical",29.8,Incision
63271,"Laminectomy for excision of intraspinal lesion other than neoplasm, intradural; thoracic",29.92,Incision
63272,"Laminectomy for excision of intraspinal lesion other than neoplasm, intradural; lumbar",27.5,Incision
63273,"Laminectomy for excision of intraspinal lesion other than neoplasm, intradural; sacral",26.47,Incision
63275,"Laminectomy for biopsy/excision of intraspi- nal neoplasm; extradural, cervical",25.86,Incision
63276,"Laminectomy for biopsy/excision of intraspi- nal neoplasm; extradural, thoracic",25.69,Incision
63277,"Laminectomy for biopsy/excision of intraspi- nal neoplasm; extradural, lumbar",22.39,Incision
63278,"Laminectomy for biopsy/excision of intraspi- nal neoplasm; extradural, sacral",22.12,Incision
,,,
63280,Laminectomy for biopsy/excision of intra-spinal,30.29,Incision
,"neoplasm; intradural, extramedullary, cervical",,Incision
63281,Laminectomy for biopsy/excision of intra-spinal,29.99,Incision
,"neoplasm; intradural, extramedullary, thoracic",,Incision
63282,Laminectomy for biopsy/excision of intra-spinal,28.15,Incision
,"neoplasm; intradural, extramedullary, lumbar",,Incision
63283,Laminectomy for biopsy/excision of intraspi-spinal,26.76,Incision
,"oplasm; intradural, sacral",,Incision
63285,Laminectomy for biopsy/excision of intra-spinal,38.05,Incision
,"neoplasm; intradural, intramedullary, cervical",,Incision
63286,Laminectomy for biopsy/excision of intra-spinal,37.62,Incision
,"neoplasm; intradural, intramedullary, thoracic",,Incision
63287,Laminectomy for biopsy/excision of intra-spinal,40.08,Incision
,"neoplasm; intradural, intramedullary, thoracolumbar",,Incision
63290,Laminectomy for biopsy/excision of intraspi-spinal,40.82,Incision
,"neoplasm; combined extradural-intradural lesion, any level",,Incision
63295,"Osteoplastic reconstruction of dorsal spinal elements, following primary intraspinal pro-
cedure (List separately in addition to code for primary procedure)
(Use 63295 in conjunction with 63172, 63173,
63185, 63190, 63200-63290)",5.25,Incision
63300,"Vertebral corpectomy (Vertebral body re- section), partial or complete, for excision of intraspinal lesion, single segment; extradural, cervical",26.8,"Excision, Anterior or Anterolateral Approach, Intraspinal Lesion"
63301," Vertebral corpectomy (Vertebral body re- section), partial or complete, for excision of intraspinal lesion, single segment; extradural, thoracic by transthoracic approach",31.57,"Excision, Anterior or Anterolateral Approach, Intraspinal Lesion"
63302,"Vertebral corpectomy (Vertebral body re- section), partial or complete, for excision of intraspinal lesion, single segment; extradural, thoracic by thoracolumbar approach",31.15,"Excision, Anterior or Anterolateral Approach, Intraspinal Lesion"
63303,"Vertebral corpectomy (Vertebral body re- section), partial or complete, for excision of intraspinal lesion, single segment; extradural, lumbar or sacral by transperitoneal or retroper- itoneal approach",33.55,"Excision, Anterior or Anterolateral Approach, Intraspinal Lesion"
63304,"Vertebral corpectomy (Vertebral body re- section), partial or complete, for excision of intraspinal lesion, single segment; intradural, cervical",33.85,"Excision, Anterior or Anterolateral Approach, Intraspinal Lesion"
63305,"Vertebral corpectomy (Vertebral body re- section), partial or complete, for excision of intraspinal lesion, single segment; intradural, thoracic by transthoracic approach",36.24,"Excision, Anterior or Anterolateral Approach, Intraspinal Lesion"
63306,"Vertebral corpectomy (Vertebral body re- section), partial or complete, for excision of intraspinal lesion, single segment; intradural, thoracic by thoracolumbar approach",35.55,"Excision, Anterior or Anterolateral Approach, Intraspinal Lesion"
63307,"Vertebral corpectomy (Vertebral body re- section), partial or complete, for excision of intraspinal lesion, single segment; intradural, lumbar or sacral by transperitoneal or retroper- itoneal approach",34.96,"Excision, Anterior or Anterolateral Approach, Intraspinal Lesion"
+63308,"Vertebral corpectomy (Vertebral body resec- tion), partial or complete, for excision of intra- spinal lesion, single segment; each additional segment (List separately in addition to codes for single segment)
(Use 63308 in conjunction with 63300-63307)",5.24,"Excision, Anterior or Anterolateral Approach, Intraspinal Lesion"
,,,
63600,"Creation of lesion of spinal cord by stereotactic method, percutaneous, any modality (including stimulation and/or recording)",15.12,Stereotaxis
63610,"Stereotactic stimulation of spinal cord, percu- taneous, separate procedure not followed by other surgery",8.72,Stereotaxis
,,,
63620,"Stereotactic radiosurgery (particle beam, gam- ma ray, or linear accelerator); 1 spinal lesion",15.6,Stereotactic Radiosurgery (Spinal)
+63621,"Stereotactic radiosurgery (particle beam, gam- ma ray, or linear accelerator); each additional spinal lesion (List separately in addition to code for primary procedure)
(Report 63621 in conjunction with 63620)",4,Stereotactic Radiosurgery (Spinal)
63650,"Percutaneous implantation of neurostimulator electrode array, epidural",7.15,Stereotactic Radiosurgery (Spinal)
63655,"Laminectomy for implantation of neurostimu- lator electrodes, plate/paddle, epidural",10.92,Stereotactic Radiosurgery (Spinal)
63661,"Removal of spinal neurostimulator electrode percutaneous array(s), including fluoroscopy, when performed",5.08,Stereotactic Radiosurgery (Spinal)
63662,"Removal of spinal neurostimulator electrode plate/paddle(s) placed via laminotomy or laminectomy, including fluoroscopy, when performed",11,Stereotactic Radiosurgery (Spinal)
63663,"Revision including replacement, when per- formed, of spinal neurostimulator electrode percutaneous array(s), including fluoroscopy, when performed",7.75,Stereotactic Radiosurgery (Spinal)
63664,"Revision including replacement, when per- formed, of spinal neurostimulator electrode plate/paddle(s) placed via laminotomy or laminectomy, including fluoroscopy, when performed",11.52,Stereotactic Radiosurgery (Spinal)
63685,"Insertion or replacement of spinal neurostim- ulator pulse generator or receiver, direct or inductive coupling",5.19,Stereotactic Radiosurgery (Spinal)
63688,Revision or removal of implanted spinal neuro- stimulator pulse generator or receiver,5.3,Stereotactic Radiosurgery (Spinal)
,,,
63700,Repair of meningocele; less than 5 cm diam- eter,17.47,Repair
63702,Repair of meningocele; larger than 5 cm diameter,19.41,Repair
63704,Repair of myelomeningocele; less than 5 cm diameter,22.43,Repair
63706,Repair of myelomeningocele; larger than 5 cm diameter,25.35,Repair
63707,"Repair of dural/cerebrospinal fluid leak, not
requiring laminectomy",12.65,Repair
63709,"Repair of dural/cerebrospinal fluid leak or pseudomeningocele, with laminectomy",15.65,Repair
63710,"dural graft, spinal",15.4,Repair
63740,"Creation of shunt, lumbar, subarachnoid-peri- toneal, -pleural, or other; including laminec- tomy",12.63,Repair
63741,"Creation of shunt, lumbar, subarachnoid-peri- toneal, -pleural, or other; percutaneous, not requiring laminectomy",9.12,Repair
63744,"Replacement, irrigation or revision of lumbo- subarachnoid shunt",8.94,Repair
63746,Removal of entire lumbosubarachnoid shunt system without replacement,7.33,Repair
