level,vertebral_number,category,implant,side,x,y,length,width,angle,grade,left_x,superior_y,right_x,inferior_y,superior_vert_inferior_pedicle_x,superior_vert_inferior_pedicle_y,superior_lamina_y,superior_lateral_tp_x,inferior_lamina_y,inferior_pedicle_x,inferior_pedicle_y
Occiput,1,implant,occipital_screw,left,0.499,0.905,0.5,0.75,90,,,,,,,,,,,,
Occiput,1,implant,occipital_screw,right,0.501,0.915,0.5,0.75,90,,,,,,,,,,,,
C1,2,implant,lateral_mass_screw,left,0.475,0.88,0.5,0.75,75,,,,,,,,,,,,
C1,2,implant,translaminar_screw,left,0.49,0.885,1,0.75,-15,,,,,,,,,,,,
C1,2,implant,laminar_downgoing_hook,left,0.489,0.89,,,,,,,,,,,,,,,
C1,2,implant,laminar_upgoing_hook,left,0.489,0.877,,,,,,,,,,,,,,,
C1,2,implant,lateral_mass_screw,right,0.525,0.88,0.5,0.75,75,,,,,,,,,,,,
C1,2,implant,translaminar_screw,right,0.51,0.885,1,0.75,-15,,,,,,,,,,,,
C1,2,implant,laminar_downgoing_hook,right,0.511,0.89,,,,,,,,,,,,,,,
C1,2,implant,laminar_upgoing_hook,right,0.511,0.877,,,,,,,,,,,,,,,
C1,2,implant,tether,right,0.5,0.885,0.017,,,,,,,,,,,,,,
C1,2,implant,sublaminar_wire,right,0.515,0.889,0.01,,,,,,,,,,,,,,
C1,2,implant,sublaminar_wire,left,0.485,0.889,0.01,,,,,,,,,,,,,,
C2,3,implant,pedicle_screw,left,0.475,0.866,0.8,0.75,20,,,,,,0.475,0.888,0.874,0.465,0.862,0.475,0.865
C2,3,implant,pars_screw,left,0.481,0.863,0.5,0.75,70,,,,,,0.475,0.888,0.874,0.465,0.862,0.475,0.865
C2,3,implant,translaminar_screw,left,0.49,0.869,1,0.75,-15,,,,,,0.475,0.888,0.874,0.465,0.862,0.475,0.865
C2,3,implant,laminar_downgoing_hook,left,0.489,0.874,,,,,,,,,0.475,0.888,0.874,0.465,0.862,0.475,0.865
C2,3,implant,laminar_upgoing_hook,left,0.489,0.858,,,,,,,,,0.475,0.888,0.874,0.465,0.862,0.475,0.865
C2,3,implant,pedicle_screw,right,0.525,0.866,0.8,0.75,20,,,,,,0.475,0.888,0.874,0.465,0.862,0.475,0.865
C2,3,implant,pars_screw,right,0.519,0.863,0.5,0.75,70,,,,,,0.475,0.888,0.874,0.465,0.862,0.475,0.865
C2,3,implant,translaminar_screw,right,0.51,0.869,1,0.75,-15,,,,,,0.475,0.888,0.874,0.465,0.862,0.475,0.865
C2,3,implant,laminar_downgoing_hook,right,0.511,0.874,,,,,,,,,0.475,0.888,0.874,0.465,0.862,0.475,0.865
C2,3,implant,laminar_upgoing_hook,right,0.511,0.858,,,,,,,,,0.475,0.888,0.874,0.465,0.862,0.475,0.865
C2,3,implant,tether,right,0.5,0.868,0.021,,,,,,,,0.475,0.888,0.874,0.465,0.862,0.475,0.865
C2,3,implant,sublaminar_wire,right,0.515,0.873,0.012,,,,,,,,0.475,0.888,0.874,0.465,0.862,0.475,0.865
C2,3,implant,sublaminar_wire,left,0.485,0.873,0.012,,,,,,,,0.475,0.888,0.874,0.465,0.862,0.475,0.865
C3,4,implant,pedicle_screw,left,0.475,0.848,0.8,0.75,10,,,,,,0.475,0.865,0.853,0.47,0.842,0.475,0.847
C3,4,implant,lateral_mass_screw,left,0.481,0.847,0.5,0.75,120,,,,,,0.475,0.865,0.853,0.47,0.842,0.475,0.847
C3,4,implant,translaminar_screw,left,0.49,0.849,1,0.75,-15,,,,,,0.475,0.865,0.853,0.47,0.842,0.475,0.847
C3,4,implant,laminar_downgoing_hook,left,0.489,0.853,,,,,,,,,0.475,0.865,0.853,0.47,0.842,0.475,0.847
C3,4,implant,laminar_upgoing_hook,left,0.489,0.839,,,,,,,,,0.475,0.865,0.853,0.47,0.842,0.475,0.847
C3,4,implant,pedicle_screw,right,0.525,0.848,0.8,0.75,10,,,,,,0.475,0.865,0.853,0.47,0.842,0.475,0.847
C3,4,implant,lateral_mass_screw,right,0.519,0.847,0.5,0.75,120,,,,,,0.475,0.865,0.853,0.47,0.842,0.475,0.847
C3,4,implant,translaminar_screw,right,0.51,0.849,1,0.75,-15,,,,,,0.475,0.865,0.853,0.47,0.842,0.475,0.847
C3,4,implant,laminar_downgoing_hook,right,0.511,0.853,,,,,,,,,0.475,0.865,0.853,0.47,0.842,0.475,0.847
C3,4,implant,laminar_upgoing_hook,right,0.511,0.839,,,,,,,,,0.475,0.865,0.853,0.47,0.842,0.475,0.847
C3,4,implant,tether,right,0.5,0.847,0.02,,,,,,,,0.475,0.865,0.853,0.47,0.842,0.475,0.847
C3,4,implant,sublaminar_wire,right,0.515,0.853,0.011,,,,,,,,0.475,0.865,0.853,0.47,0.842,0.475,0.847
C3,4,implant,sublaminar_wire,left,0.485,0.853,0.011,,,,,,,,0.475,0.865,0.853,0.47,0.842,0.475,0.847
C4,5,implant,pedicle_screw,left,0.475,0.831,0.8,0.75,5,,,,,,0.475,0.847,0.834,0.47,0.824,0.475,0.828
C4,5,implant,lateral_mass_screw,left,0.481,0.828,0.5,0.75,120,,,,,,0.475,0.847,0.834,0.47,0.824,0.475,0.828
C4,5,implant,translaminar_screw,left,0.49,0.829,1,0.75,-15,,,,,,0.475,0.847,0.834,0.47,0.824,0.475,0.828
C4,5,implant,laminar_downgoing_hook,left,0.489,0.836,,,,,,,,,0.475,0.847,0.834,0.47,0.824,0.475,0.828
C4,5,implant,laminar_upgoing_hook,left,0.489,0.82,,,,,,,,,0.475,0.847,0.834,0.47,0.824,0.475,0.828
C4,5,implant,pedicle_screw,right,0.525,0.831,0.8,0.75,5,,,,,,0.475,0.847,0.834,0.47,0.824,0.475,0.828
C4,5,implant,lateral_mass_screw,right,0.519,0.828,0.5,0.75,120,,,,,,0.475,0.847,0.834,0.47,0.824,0.475,0.828
C4,5,implant,translaminar_screw,right,0.51,0.829,1,0.75,-15,,,,,,0.475,0.847,0.834,0.47,0.824,0.475,0.828
C4,5,implant,laminar_downgoing_hook,right,0.511,0.836,,,,,,,,,0.475,0.847,0.834,0.47,0.824,0.475,0.828
C4,5,implant,laminar_upgoing_hook,right,0.511,0.82,,,,,,,,,0.475,0.847,0.834,0.47,0.824,0.475,0.828
C4,5,implant,tether,right,0.5,0.827,0.018,,,,,,,,0.475,0.847,0.834,0.47,0.824,0.475,0.828
C4,5,implant,sublaminar_wire,right,0.515,0.835,0.013,,,,,,,,0.475,0.847,0.834,0.47,0.824,0.475,0.828
C4,5,implant,sublaminar_wire,left,0.485,0.835,0.013,,,,,,,,0.475,0.847,0.834,0.47,0.824,0.475,0.828
C5,6,implant,pedicle_screw,left,0.475,0.813,0.8,0.75,0,,,,,,0.475,0.828,0.816,0.47,0.805,0.475,0.811
C5,6,implant,lateral_mass_screw,left,0.481,0.81,0.5,0.75,120,,,,,,0.475,0.828,0.816,0.47,0.805,0.475,0.811
C5,6,implant,translaminar_screw,left,0.49,0.81,1,0.75,-15,,,,,,0.475,0.828,0.816,0.47,0.805,0.475,0.811
C5,6,implant,laminar_downgoing_hook,left,0.489,0.818,,,,,,,,,0.475,0.828,0.816,0.47,0.805,0.475,0.811
C5,6,implant,laminar_upgoing_hook,left,0.489,0.803,,,,,,,,,0.475,0.828,0.816,0.47,0.805,0.475,0.811
C5,6,implant,pedicle_screw,right,0.525,0.813,0.8,0.75,0,,,,,,0.475,0.828,0.816,0.47,0.805,0.475,0.811
C5,6,implant,lateral_mass_screw,right,0.519,0.81,0.5,0.75,120,,,,,,0.475,0.828,0.816,0.47,0.805,0.475,0.811
C5,6,implant,translaminar_screw,right,0.51,0.81,1,0.75,-15,,,,,,0.475,0.828,0.816,0.47,0.805,0.475,0.811
C5,6,implant,laminar_downgoing_hook,right,0.511,0.818,,,,,,,,,0.475,0.828,0.816,0.47,0.805,0.475,0.811
C5,6,implant,laminar_upgoing_hook,right,0.511,0.803,,,,,,,,,0.475,0.828,0.816,0.47,0.805,0.475,0.811
C5,6,implant,tether,right,0.5,0.809,0.017,,,,,,,,0.475,0.828,0.816,0.47,0.805,0.475,0.811
C5,6,implant,sublaminar_wire,right,0.515,0.816,0.012,,,,,,,,0.475,0.828,0.816,0.47,0.805,0.475,0.811
C5,6,implant,sublaminar_wire,left,0.485,0.816,0.012,,,,,,,,0.475,0.828,0.816,0.47,0.805,0.475,0.811
C6,7,implant,pedicle_screw,left,0.475,0.795,0.8,0.75,-5,,,,,,0.475,0.811,0.798,0.47,0.788,0.475,0.793
C6,7,implant,lateral_mass_screw,left,0.482,0.793,0.5,0.75,120,,,,,,0.475,0.811,0.798,0.47,0.788,0.475,0.793
C6,7,implant,translaminar_screw,left,0.49,0.792,1,0.75,-15,,,,,,0.475,0.811,0.798,0.47,0.788,0.475,0.793
C6,7,implant,laminar_downgoing_hook,left,0.489,0.8,,,,,,,,,0.475,0.811,0.798,0.47,0.788,0.475,0.793
C6,7,implant,laminar_upgoing_hook,left,0.489,0.785,,,,,,,,,0.475,0.811,0.798,0.47,0.788,0.475,0.793
C6,7,implant,pedicle_screw,right,0.525,0.795,0.8,0.75,-5,,,,,,0.475,0.811,0.798,0.47,0.788,0.475,0.793
C6,7,implant,lateral_mass_screw,right,0.518,0.793,0.5,0.75,120,,,,,,0.475,0.811,0.798,0.47,0.788,0.475,0.793
C6,7,implant,translaminar_screw,right,0.51,0.792,1,0.75,-15,,,,,,0.475,0.811,0.798,0.47,0.788,0.475,0.793
C6,7,implant,laminar_downgoing_hook,right,0.511,0.8,,,,,,,,,0.475,0.811,0.798,0.47,0.788,0.475,0.793
C6,7,implant,laminar_upgoing_hook,right,0.511,0.785,,,,,,,,,0.475,0.811,0.798,0.47,0.788,0.475,0.793
C6,7,implant,tether,right,0.5,0.792,0.018,,,,,,,,0.475,0.811,0.798,0.47,0.788,0.475,0.793
C6,7,implant,sublaminar_wire,right,0.515,0.797,0.011,,,,,,,,0.475,0.811,0.798,0.47,0.788,0.475,0.793
C6,7,implant,sublaminar_wire,left,0.485,0.797,0.011,,,,,,,,0.475,0.811,0.798,0.47,0.788,0.475,0.793
C7,8,implant,pedicle_screw,left,0.475,0.78,0.8,0.75,-10,,,,,,0.475,0.793,0.781,0.46,0.766,0.48,0.769
C7,8,implant,lateral_mass_screw,left,0.482,0.775,0.5,0.75,120,,,,,,0.475,0.793,0.781,0.46,0.766,0.48,0.769
C7,8,implant,translaminar_screw,left,0.49,0.773,1,0.75,-15,,,,,,0.475,0.793,0.781,0.46,0.766,0.48,0.769
C7,8,implant,laminar_downgoing_hook,left,0.489,0.783,,,,,,,,,0.475,0.793,0.781,0.46,0.766,0.48,0.769
C7,8,implant,laminar_upgoing_hook,left,0.489,0.759,,,,,,,,,0.475,0.793,0.781,0.46,0.766,0.48,0.769
C7,8,implant,pedicle_screw,right,0.525,0.78,0.8,0.75,-10,,,,,,0.475,0.793,0.781,0.46,0.766,0.48,0.769
C7,8,implant,lateral_mass_screw,right,0.518,0.775,0.5,0.75,120,,,,,,0.475,0.793,0.781,0.46,0.766,0.48,0.769
C7,8,implant,translaminar_screw,right,0.51,0.773,1,0.75,-15,,,,,,0.475,0.793,0.781,0.46,0.766,0.48,0.769
C7,8,implant,laminar_downgoing_hook,right,0.511,0.783,,,,,,,,,0.475,0.793,0.781,0.46,0.766,0.48,0.769
C7,8,implant,laminar_upgoing_hook,right,0.511,0.759,,,,,,,,,0.475,0.793,0.781,0.46,0.766,0.48,0.769
C7,8,implant,tether,right,0.5,0.774,0.026,,,,,,,,0.475,0.793,0.781,0.46,0.766,0.48,0.769
C7,8,implant,sublaminar_wire,right,0.515,0.779,0.016,,,,,,,,0.475,0.793,0.781,0.46,0.766,0.48,0.769
C7,8,implant,sublaminar_wire,left,0.485,0.779,0.016,,,,,,,,0.475,0.793,0.781,0.46,0.766,0.48,0.769
T1,9,implant,pedicle_screw,left,0.475,0.754,0.8,0.75,-14,,,,,,0.48,0.769,0.756,0.46,0.739,0.48,0.747
T1,9,implant,translaminar_screw,left,0.49,0.749,1,0.75,-15,,,,,,0.48,0.769,0.756,0.46,0.739,0.48,0.747
T1,9,implant,laminar_downgoing_hook,left,0.489,0.757,,,,,,,,,0.48,0.769,0.756,0.46,0.739,0.48,0.747
T1,9,implant,laminar_upgoing_hook,left,0.489,0.733,,,,,,,,,0.48,0.769,0.756,0.46,0.739,0.48,0.747
T1,9,implant,tp_hook,left,0.476,0.762,,,,,,,,,0.48,0.769,0.756,0.46,0.739,0.48,0.747
T1,9,implant,pedicle_screw,right,0.525,0.754,0.8,0.75,-14,,,,,,0.48,0.769,0.756,0.46,0.739,0.48,0.747
T1,9,implant,translaminar_screw,right,0.51,0.749,1,0.75,-15,,,,,,0.48,0.769,0.756,0.46,0.739,0.48,0.747
T1,9,implant,laminar_downgoing_hook,right,0.511,0.757,,,,,,,,,0.48,0.769,0.756,0.46,0.739,0.48,0.747
T1,9,implant,laminar_upgoing_hook,right,0.511,0.733,,,,,,,,,0.48,0.769,0.756,0.46,0.739,0.48,0.747
T1,9,implant,tp_hook,right,0.524,0.762,,,,,,,,,0.48,0.769,0.756,0.46,0.739,0.48,0.747
T1,9,implant,tether,right,0.5,0.748,0.027,,,,,,,,0.48,0.769,0.756,0.46,0.739,0.48,0.747
T1,9,implant,sublaminar_wire,right,0.515,0.756,0.019,,,,,,,,0.48,0.769,0.756,0.46,0.739,0.48,0.747
T1,9,implant,sublaminar_wire,left,0.485,0.756,0.019,,,,,,,,0.48,0.769,0.756,0.46,0.739,0.48,0.747
T1,9,implant,pedicle_hook,left,0.475,0.754,,,,,,,,,0.48,0.769,0.756,0.46,0.739,0.48,0.747
T1,9,implant,pedicle_hook,right,0.525,0.754,,,,,,,,,0.48,0.769,0.756,0.46,0.739,0.48,0.747
T2,10,implant,pedicle_screw,left,0.475,0.73,0.8,0.75,-15,,,,,,0.48,0.747,0.732,0.46,0.716,0.48,0.723
T2,10,implant,translaminar_screw,left,0.49,0.725,1,0.75,-15,,,,,,0.48,0.747,0.732,0.46,0.716,0.48,0.723
T2,10,implant,laminar_downgoing_hook,left,0.489,0.735,,,,,,,,,0.48,0.747,0.732,0.46,0.716,0.48,0.723
T2,10,implant,laminar_upgoing_hook,left,0.489,0.709,,,,,,,,,0.48,0.747,0.732,0.46,0.716,0.48,0.723
T2,10,implant,tp_hook,left,0.476,0.74,,,,,,,,,0.48,0.747,0.732,0.46,0.716,0.48,0.723
T2,10,implant,pedicle_screw,right,0.525,0.73,0.8,0.75,-15,,,,,,0.48,0.747,0.732,0.46,0.716,0.48,0.723
T2,10,implant,translaminar_screw,right,0.51,0.725,1,0.75,-15,,,,,,0.48,0.747,0.732,0.46,0.716,0.48,0.723
T2,10,implant,laminar_downgoing_hook,right,0.511,0.735,,,,,,,,,0.48,0.747,0.732,0.46,0.716,0.48,0.723
T2,10,implant,laminar_upgoing_hook,right,0.511,0.709,,,,,,,,,0.48,0.747,0.732,0.46,0.716,0.48,0.723
T2,10,implant,tp_hook,right,0.524,0.74,,,,,,,,,0.48,0.747,0.732,0.46,0.716,0.48,0.723
T2,10,implant,tether,right,0.5,0.721,0.031,,,,,,,,0.48,0.747,0.732,0.46,0.716,0.48,0.723
T2,10,implant,sublaminar_wire,right,0.515,0.732,0.019,,,,,,,,0.48,0.747,0.732,0.46,0.716,0.48,0.723
T2,10,implant,sublaminar_wire,left,0.485,0.732,0.019,,,,,,,,0.48,0.747,0.732,0.46,0.716,0.48,0.723
T2,10,implant,pedicle_hook,left,0.475,0.73,,,,,,,,,0.48,0.747,0.732,0.46,0.716,0.48,0.723
T2,10,implant,pedicle_hook,right,0.525,0.73,,,,,,,,,0.48,0.747,0.732,0.46,0.716,0.48,0.723
T3,11,implant,pedicle_screw,left,0.475,0.709,0.8,0.75,-14,,,,,,0.48,0.723,0.71,0.46,0.688,0.48,0.701
T3,11,implant,translaminar_screw,left,0.49,0.701,1,0.75,-15,,,,,,0.48,0.723,0.71,0.46,0.688,0.48,0.701
T3,11,implant,laminar_downgoing_hook,left,0.489,0.711,,,,,,,,,0.48,0.723,0.71,0.46,0.688,0.48,0.701
T3,11,implant,laminar_upgoing_hook,left,0.489,0.683,,,,,,,,,0.48,0.723,0.71,0.46,0.688,0.48,0.701
T3,11,implant,tp_hook,left,0.476,0.716,,,,,,,,,0.48,0.723,0.71,0.46,0.688,0.48,0.701
T3,11,implant,pedicle_screw,right,0.525,0.709,0.8,0.75,-14,,,,,,0.48,0.723,0.71,0.46,0.688,0.48,0.701
T3,11,implant,translaminar_screw,right,0.51,0.701,1,0.75,-15,,,,,,0.48,0.723,0.71,0.46,0.688,0.48,0.701
T3,11,implant,laminar_downgoing_hook,right,0.511,0.711,,,,,,,,,0.48,0.723,0.71,0.46,0.688,0.48,0.701
T3,11,implant,laminar_upgoing_hook,right,0.511,0.683,,,,,,,,,0.48,0.723,0.71,0.46,0.688,0.48,0.701
T3,11,implant,tp_hook,right,0.524,0.716,,,,,,,,,0.48,0.723,0.71,0.46,0.688,0.48,0.701
T3,11,implant,tether,right,0.5,0.69,0.027,,,,,,,,0.48,0.723,0.71,0.46,0.688,0.48,0.701
T3,11,implant,sublaminar_wire,right,0.515,0.71,0.023,,,,,,,,0.48,0.723,0.71,0.46,0.688,0.48,0.701
T3,11,implant,sublaminar_wire,left,0.485,0.71,0.023,,,,,,,,0.48,0.723,0.71,0.46,0.688,0.48,0.701
T3,11,implant,pedicle_hook,left,0.475,0.709,,,,,,,,,0.48,0.723,0.71,0.46,0.688,0.48,0.701
T3,11,implant,pedicle_hook,right,0.525,0.709,,,,,,,,,0.48,0.723,0.71,0.46,0.688,0.48,0.701
T4,12,implant,pedicle_screw,left,0.475,0.679,0.8,0.75,-12,,,,,,0.48,0.701,0.684,0.46,0.66,0.48,0.672
T4,12,implant,translaminar_screw,left,0.49,0.671,1,0.75,-15,,,,,,0.48,0.701,0.684,0.46,0.66,0.48,0.672
T4,12,implant,laminar_downgoing_hook,left,0.489,0.683,,,,,,,,,0.48,0.701,0.684,0.46,0.66,0.48,0.672
T4,12,implant,laminar_upgoing_hook,left,0.489,0.654,,,,,,,,,0.48,0.701,0.684,0.46,0.66,0.48,0.672
T4,12,implant,tp_hook,left,0.476,0.688,,,,,,,,,0.48,0.701,0.684,0.46,0.66,0.48,0.672
T4,12,implant,pedicle_screw,right,0.525,0.679,0.8,0.75,-12,,,,,,0.48,0.701,0.684,0.46,0.66,0.48,0.672
T4,12,implant,translaminar_screw,right,0.51,0.671,1,0.75,-15,,,,,,0.48,0.701,0.684,0.46,0.66,0.48,0.672
T4,12,implant,laminar_downgoing_hook,right,0.511,0.683,,,,,,,,,0.48,0.701,0.684,0.46,0.66,0.48,0.672
T4,12,implant,laminar_upgoing_hook,right,0.511,0.654,,,,,,,,,0.48,0.701,0.684,0.46,0.66,0.48,0.672
T4,12,implant,tp_hook,right,0.524,0.688,,,,,,,,,0.48,0.701,0.684,0.46,0.66,0.48,0.672
T4,12,implant,tether,right,0.5,0.663,0.036,,,,,,,,0.48,0.701,0.684,0.46,0.66,0.48,0.672
T4,12,implant,sublaminar_wire,right,0.515,0.682,0.024,,,,,,,,0.48,0.701,0.684,0.46,0.66,0.48,0.672
T4,12,implant,sublaminar_wire,left,0.485,0.682,0.024,,,,,,,,0.48,0.701,0.684,0.46,0.66,0.48,0.672
T4,12,implant,pedicle_hook,left,0.475,0.679,,,,,,,,,0.48,0.701,0.684,0.46,0.66,0.48,0.672
T4,12,implant,pedicle_hook,right,0.525,0.679,,,,,,,,,0.48,0.701,0.684,0.46,0.66,0.48,0.672
T5,13,implant,pedicle_screw,left,0.475,0.653,0.8,1,-10,,,,,,0.48,0.672,0.657,0.46,0.628,0.48,0.643
T5,13,implant,translaminar_screw,left,0.49,0.642,1,0.75,-15,,,,,,0.48,0.672,0.657,0.46,0.628,0.48,0.643
T5,13,implant,laminar_downgoing_hook,left,0.489,0.655,,,,,,,,,0.48,0.672,0.657,0.46,0.628,0.48,0.643
T5,13,implant,laminar_upgoing_hook,left,0.489,0.625,,,,,,,,,0.48,0.672,0.657,0.46,0.628,0.48,0.643
T5,13,implant,tp_hook,left,0.476,0.66,,,,,,,,,0.48,0.672,0.657,0.46,0.628,0.48,0.643
T5,13,implant,pedicle_screw,right,0.525,0.653,0.8,1,-10,,,,,,0.48,0.672,0.657,0.46,0.628,0.48,0.643
T5,13,implant,translaminar_screw,right,0.51,0.642,1,0.75,-15,,,,,,0.48,0.672,0.657,0.46,0.628,0.48,0.643
T5,13,implant,laminar_downgoing_hook,right,0.511,0.655,,,,,,,,,0.48,0.672,0.657,0.46,0.628,0.48,0.643
T5,13,implant,laminar_upgoing_hook,right,0.511,0.625,,,,,,,,,0.48,0.672,0.657,0.46,0.628,0.48,0.643
T5,13,implant,tp_hook,right,0.524,0.66,,,,,,,,,0.48,0.672,0.657,0.46,0.628,0.48,0.643
T5,13,implant,tether,right,0.5,0.627,0.034,,,,,,,,0.48,0.672,0.657,0.46,0.628,0.48,0.643
T5,13,implant,sublaminar_wire,right,0.515,0.657,0.028,,,,,,,,0.48,0.672,0.657,0.46,0.628,0.48,0.643
T5,13,implant,sublaminar_wire,left,0.485,0.657,0.028,,,,,,,,0.48,0.672,0.657,0.46,0.628,0.48,0.643
T5,13,implant,pedicle_hook,left,0.475,0.653,,,,,,,,,0.48,0.672,0.657,0.46,0.628,0.48,0.643
T5,13,implant,pedicle_hook,right,0.525,0.653,,,,,,,,,0.48,0.672,0.657,0.46,0.628,0.48,0.643
T6,14,implant,pedicle_screw,left,0.475,0.623,0.8,1,-8,,,,,,0.48,0.643,0.625,0.46,0.596,0.48,0.613
T6,14,implant,translaminar_screw,left,0.49,0.61,1,0.75,-15,,,,,,0.48,0.643,0.625,0.46,0.596,0.48,0.613
T6,14,implant,laminar_downgoing_hook,left,0.489,0.625,,,,,,,,,0.48,0.643,0.625,0.46,0.596,0.48,0.613
T6,14,implant,laminar_upgoing_hook,left,0.489,0.591,,,,,,,,,0.48,0.643,0.625,0.46,0.596,0.48,0.613
T6,14,implant,tp_hook,left,0.476,0.63,,,,,,,,,0.48,0.643,0.625,0.46,0.596,0.48,0.613
T6,14,implant,pedicle_screw,right,0.525,0.623,0.8,1,-8,,,,,,0.48,0.643,0.625,0.46,0.596,0.48,0.613
T6,14,implant,translaminar_screw,right,0.51,0.61,1,0.75,-15,,,,,,0.48,0.643,0.625,0.46,0.596,0.48,0.613
T6,14,implant,laminar_downgoing_hook,right,0.511,0.625,,,,,,,,,0.48,0.643,0.625,0.46,0.596,0.48,0.613
T6,14,implant,laminar_upgoing_hook,right,0.511,0.591,,,,,,,,,0.48,0.643,0.625,0.46,0.596,0.48,0.613
T6,14,implant,tp_hook,right,0.524,0.63,,,,,,,,,0.48,0.643,0.625,0.46,0.596,0.48,0.613
T6,14,implant,tether,right,0.5,0.593,0.033,,,,,,,,0.48,0.643,0.625,0.46,0.596,0.48,0.613
T6,14,implant,sublaminar_wire,right,0.515,0.624,0.029,,,,,,,,0.48,0.643,0.625,0.46,0.596,0.48,0.613
T6,14,implant,sublaminar_wire,left,0.485,0.624,0.029,,,,,,,,0.48,0.643,0.625,0.46,0.596,0.48,0.613
T6,14,implant,pedicle_hook,left,0.475,0.623,,,,,,,,,0.48,0.643,0.625,0.46,0.596,0.48,0.613
T6,14,implant,pedicle_hook,right,0.525,0.623,,,,,,,,,0.48,0.643,0.625,0.46,0.596,0.48,0.613
T7,15,implant,pedicle_screw,left,0.475,0.591,0.8,1,-6,,,,,,0.48,0.613,0.592,0.46,0.568,0.48,0.583
T7,15,implant,translaminar_screw,left,0.49,0.578,1,0.75,-15,,,,,,0.48,0.613,0.592,0.46,0.568,0.48,0.583
T7,15,implant,laminar_downgoing_hook,left,0.489,0.591,,,,,,,,,0.48,0.613,0.592,0.46,0.568,0.48,0.583
T7,15,implant,laminar_upgoing_hook,left,0.489,0.562,,,,,,,,,0.48,0.613,0.592,0.46,0.568,0.48,0.583
T7,15,implant,tp_hook,left,0.476,0.596,,,,,,,,,0.48,0.613,0.592,0.46,0.568,0.48,0.583
T7,15,implant,pedicle_screw,right,0.525,0.591,0.8,1,-6,,,,,,0.48,0.613,0.592,0.46,0.568,0.48,0.583
T7,15,implant,translaminar_screw,right,0.51,0.578,1,0.75,-15,,,,,,0.48,0.613,0.592,0.46,0.568,0.48,0.583
T7,15,implant,laminar_downgoing_hook,right,0.511,0.591,,,,,,,,,0.48,0.613,0.592,0.46,0.568,0.48,0.583
T7,15,implant,laminar_upgoing_hook,right,0.511,0.562,,,,,,,,,0.48,0.613,0.592,0.46,0.568,0.48,0.583
T7,15,implant,tp_hook,right,0.524,0.596,,,,,,,,,0.48,0.613,0.592,0.46,0.568,0.48,0.583
T7,15,implant,tether,right,0.5,0.56,0.035,,,,,,,,0.48,0.613,0.592,0.46,0.568,0.48,0.583
T7,15,implant,sublaminar_wire,right,0.515,0.591,0.025,,,,,,,,0.48,0.613,0.592,0.46,0.568,0.48,0.583
T7,15,implant,sublaminar_wire,left,0.485,0.591,0.025,,,,,,,,0.48,0.613,0.592,0.46,0.568,0.48,0.583
T7,15,implant,pedicle_hook,left,0.475,0.591,,,,,,,,,0.48,0.613,0.592,0.46,0.568,0.48,0.583
T7,15,implant,pedicle_hook,right,0.525,0.591,,,,,,,,,0.48,0.613,0.592,0.46,0.568,0.48,0.583
T8,16,implant,pedicle_screw,left,0.475,0.561,0.8,1,-4,,,,,,0.48,0.583,0.564,0.46,0.532,0.48,0.551
T8,16,implant,translaminar_screw,left,0.49,0.544,1,0.75,-15,,,,,,0.48,0.583,0.564,0.46,0.532,0.48,0.551
T8,16,implant,laminar_downgoing_hook,left,0.489,0.561,,,,,,,,,0.48,0.583,0.564,0.46,0.532,0.48,0.551
T8,16,implant,laminar_upgoing_hook,left,0.489,0.526,,,,,,,,,0.48,0.583,0.564,0.46,0.532,0.48,0.551
T8,16,implant,tp_hook,left,0.476,0.566,,,,,,,,,0.48,0.583,0.564,0.46,0.532,0.48,0.551
T8,16,implant,pedicle_screw,right,0.525,0.561,0.8,1,-4,,,,,,0.48,0.583,0.564,0.46,0.532,0.48,0.551
T8,16,implant,translaminar_screw,right,0.51,0.544,1,0.75,-15,,,,,,0.48,0.583,0.564,0.46,0.532,0.48,0.551
T8,16,implant,laminar_downgoing_hook,right,0.511,0.561,,,,,,,,,0.48,0.583,0.564,0.46,0.532,0.48,0.551
T8,16,implant,laminar_upgoing_hook,right,0.511,0.526,,,,,,,,,0.48,0.583,0.564,0.46,0.532,0.48,0.551
T8,16,implant,tp_hook,right,0.524,0.566,,,,,,,,,0.48,0.583,0.564,0.46,0.532,0.48,0.551
T8,16,implant,tether,right,0.5,0.525,0.027,,,,,,,,0.48,0.583,0.564,0.46,0.532,0.48,0.551
T8,16,implant,sublaminar_wire,right,0.515,0.561,0.031,,,,,,,,0.48,0.583,0.564,0.46,0.532,0.48,0.551
T8,16,implant,sublaminar_wire,left,0.485,0.561,0.031,,,,,,,,0.48,0.583,0.564,0.46,0.532,0.48,0.551
T8,16,implant,pedicle_hook,left,0.475,0.561,,,,,,,,,0.48,0.583,0.564,0.46,0.532,0.48,0.551
T8,16,implant,pedicle_hook,right,0.525,0.561,,,,,,,,,0.48,0.583,0.564,0.46,0.532,0.48,0.551
T9,17,implant,pedicle_screw,left,0.475,0.529,0.7,1,-2,,,,,,0.48,0.551,0.528,0.46,0.501,0.48,0.52
T9,17,implant,translaminar_screw,left,0.49,0.511,1,0.75,-15,,,,,,0.48,0.551,0.528,0.46,0.501,0.48,0.52
T9,17,implant,laminar_downgoing_hook,left,0.489,0.527,,,,,,,,,0.48,0.551,0.528,0.46,0.501,0.48,0.52
T9,17,implant,laminar_upgoing_hook,left,0.489,0.494,,,,,,,,,0.48,0.551,0.528,0.46,0.501,0.48,0.52
T9,17,implant,tp_hook,left,0.476,0.532,,,,,,,,,0.48,0.551,0.528,0.46,0.501,0.48,0.52
T9,17,implant,pedicle_screw,right,0.525,0.529,0.7,1,-2,,,,,,0.48,0.551,0.528,0.46,0.501,0.48,0.52
T9,17,implant,translaminar_screw,right,0.51,0.511,1,0.75,-15,,,,,,0.48,0.551,0.528,0.46,0.501,0.48,0.52
T9,17,implant,laminar_downgoing_hook,right,0.511,0.527,,,,,,,,,0.48,0.551,0.528,0.46,0.501,0.48,0.52
T9,17,implant,laminar_upgoing_hook,right,0.511,0.494,,,,,,,,,0.48,0.551,0.528,0.46,0.501,0.48,0.52
T9,17,implant,tp_hook,right,0.524,0.532,,,,,,,,,0.48,0.551,0.528,0.46,0.501,0.48,0.52
T9,17,implant,tether,right,0.5,0.498,0.033,,,,,,,,0.48,0.551,0.528,0.46,0.501,0.48,0.52
T9,17,implant,sublaminar_wire,right,0.515,0.528,0.03,,,,,,,,0.48,0.551,0.528,0.46,0.501,0.48,0.52
T9,17,implant,sublaminar_wire,left,0.485,0.528,0.03,,,,,,,,0.48,0.551,0.528,0.46,0.501,0.48,0.52
T9,17,implant,pedicle_hook,left,0.475,0.529,,,,,,,,,0.48,0.551,0.528,0.46,0.501,0.48,0.52
T9,17,implant,pedicle_hook,right,0.525,0.529,,,,,,,,,0.48,0.551,0.528,0.46,0.501,0.48,0.52
T10,18,implant,pedicle_screw,left,0.475,0.492,0.6,1,0,,,,,,0.48,0.52,0.494,0.467,0.467,0.482,0.481
T10,18,implant,translaminar_screw,left,0.49,0.48,1,0.75,-15,,,,,,0.48,0.52,0.494,0.467,0.467,0.482,0.481
T10,18,implant,laminar_downgoing_hook,left,0.489,0.491,,,,,,,,,0.48,0.52,0.494,0.467,0.467,0.482,0.481
T10,18,implant,laminar_upgoing_hook,left,0.489,0.461,,,,,,,,,0.48,0.52,0.494,0.467,0.467,0.482,0.481
T10,18,implant,tp_hook,left,0.476,0.496,,,,,,,,,0.48,0.52,0.494,0.467,0.467,0.482,0.481
T10,18,implant,pedicle_screw,right,0.525,0.492,0.6,1,0,,,,,,0.48,0.52,0.494,0.467,0.467,0.482,0.481
T10,18,implant,translaminar_screw,right,0.51,0.48,1,0.75,-15,,,,,,0.48,0.52,0.494,0.467,0.467,0.482,0.481
T10,18,implant,laminar_downgoing_hook,right,0.511,0.491,,,,,,,,,0.48,0.52,0.494,0.467,0.467,0.482,0.481
T10,18,implant,laminar_upgoing_hook,right,0.511,0.461,,,,,,,,,0.48,0.52,0.494,0.467,0.467,0.482,0.481
T10,18,implant,tp_hook,right,0.524,0.496,,,,,,,,,0.48,0.52,0.494,0.467,0.467,0.482,0.481
T10,18,implant,tether,right,0.5,0.465,0.035,,,,,,,,0.48,0.52,0.494,0.467,0.467,0.482,0.481
T10,18,implant,sublaminar_wire,right,0.515,0.496,0.031,,,,,,,,0.48,0.52,0.494,0.467,0.467,0.482,0.481
T10,18,implant,sublaminar_wire,left,0.485,0.496,0.031,,,,,,,,0.48,0.52,0.494,0.467,0.467,0.482,0.481
T10,18,implant,pedicle_hook,left,0.475,0.492,,,,,,,,,0.48,0.52,0.494,0.467,0.467,0.482,0.481
T10,18,implant,pedicle_hook,right,0.525,0.492,,,,,,,,,0.48,0.52,0.494,0.467,0.467,0.482,0.481
T11,19,implant,pedicle_screw,left,0.475,0.453,0.5,1,5,,,,,,0.482,0.481,0.46,0.47,0.428,0.484,0.447
T11,19,implant,translaminar_screw,left,0.49,0.445,1,0.75,-15,,,,,,0.482,0.481,0.46,0.47,0.428,0.484,0.447
T11,19,implant,laminar_downgoing_hook,left,0.489,0.46,,,,,,,,,0.482,0.481,0.46,0.47,0.428,0.484,0.447
T11,19,implant,laminar_upgoing_hook,left,0.489,0.421,,,,,,,,,0.482,0.481,0.46,0.47,0.428,0.484,0.447
T11,19,implant,tp_hook,left,0.476,0.46,,,,,,,,,0.482,0.481,0.46,0.47,0.428,0.484,0.447
T11,19,implant,pedicle_screw,right,0.525,0.453,0.5,1,5,,,,,,0.482,0.481,0.46,0.47,0.428,0.484,0.447
T11,19,implant,translaminar_screw,right,0.51,0.445,1,0.75,-15,,,,,,0.482,0.481,0.46,0.47,0.428,0.484,0.447
T11,19,implant,laminar_downgoing_hook,right,0.511,0.46,,,,,,,,,0.482,0.481,0.46,0.47,0.428,0.484,0.447
T11,19,implant,laminar_upgoing_hook,right,0.511,0.421,,,,,,,,,0.482,0.481,0.46,0.47,0.428,0.484,0.447
T11,19,implant,tp_hook,right,0.524,0.46,,,,,,,,,0.482,0.481,0.46,0.47,0.428,0.484,0.447
T11,19,implant,tether,right,0.5,0.43,0.035,,,,,,,,0.482,0.481,0.46,0.47,0.428,0.484,0.447
T11,19,implant,sublaminar_wire,right,0.515,0.463,0.038,,,,,,,,0.482,0.481,0.46,0.47,0.428,0.484,0.447
T11,19,implant,sublaminar_wire,left,0.485,0.463,0.038,,,,,,,,0.482,0.481,0.46,0.47,0.428,0.484,0.447
T11,19,implant,pedicle_hook,left,0.475,0.453,,,,,,,,,0.482,0.481,0.46,0.47,0.428,0.484,0.447
T11,19,implant,pedicle_hook,right,0.525,0.453,,,,,,,,,0.482,0.481,0.46,0.47,0.428,0.484,0.447
T12,20,implant,pedicle_screw,left,0.475,0.423,0.6,1,10,,,,,,0.484,0.447,0.427,0.47,0.393,0.484,0.411
T12,20,implant,translaminar_screw,left,0.49,0.407,1,0.75,-15,,,,,,0.484,0.447,0.427,0.47,0.393,0.484,0.411
T12,20,implant,laminar_downgoing_hook,left,0.489,0.42,,,,,,,,,0.484,0.447,0.427,0.47,0.393,0.484,0.411
T12,20,implant,laminar_upgoing_hook,left,0.489,0.382,,,,,,,,,0.484,0.447,0.427,0.47,0.393,0.484,0.411
T12,20,implant,tp_hook,left,0.476,0.43,,,,,,,,,0.484,0.447,0.427,0.47,0.393,0.484,0.411
T12,20,implant,pedicle_screw,right,0.525,0.423,0.6,1,10,,,,,,0.484,0.447,0.427,0.47,0.393,0.484,0.411
T12,20,implant,translaminar_screw,right,0.51,0.407,1,0.75,-15,,,,,,0.484,0.447,0.427,0.47,0.393,0.484,0.411
T12,20,implant,laminar_downgoing_hook,right,0.511,0.42,,,,,,,,,0.484,0.447,0.427,0.47,0.393,0.484,0.411
T12,20,implant,laminar_upgoing_hook,right,0.511,0.382,,,,,,,,,0.484,0.447,0.427,0.47,0.393,0.484,0.411
T12,20,implant,tp_hook,right,0.524,0.43,,,,,,,,,0.484,0.447,0.427,0.47,0.393,0.484,0.411
T12,20,implant,tether,right,0.5,0.395,0.033,,,,,,,,0.484,0.447,0.427,0.47,0.393,0.484,0.411
T12,20,implant,sublaminar_wire,right,0.515,0.425,0.039,,,,,,,,0.484,0.447,0.427,0.47,0.393,0.484,0.411
T12,20,implant,sublaminar_wire,left,0.485,0.425,0.039,,,,,,,,0.484,0.447,0.427,0.47,0.393,0.484,0.411
T12,20,implant,pedicle_hook,left,0.475,0.423,,,,,,,,,0.484,0.447,0.427,0.47,0.393,0.484,0.411
T12,20,implant,pedicle_hook,right,0.525,0.423,,,,,,,,,0.484,0.447,0.427,0.47,0.393,0.484,0.411
L1,21,implant,pedicle_screw,left,0.4725,0.384,0.7,1,10,,,,,,0.484,0.411,0.389,0.46,0.355,0.484,0.375
L1,21,implant,translaminar_screw,left,0.49,0.372,1,0.75,-15,,,,,,0.484,0.411,0.389,0.46,0.355,0.484,0.375
L1,21,implant,laminar_downgoing_hook,left,0.489,0.38,,,,,,,,,0.484,0.411,0.389,0.46,0.355,0.484,0.375
L1,21,implant,laminar_upgoing_hook,left,0.489,0.348,,,,,,,,,0.484,0.411,0.389,0.46,0.355,0.484,0.375
L1,21,implant,tp_hook,left,0.474,0.39,,,,,,,,,0.484,0.411,0.389,0.46,0.355,0.484,0.375
L1,21,implant,pedicle_screw,right,0.5275,0.384,0.7,1,10,,,,,,0.484,0.411,0.389,0.46,0.355,0.484,0.375
L1,21,implant,translaminar_screw,right,0.51,0.372,1,0.75,-15,,,,,,0.484,0.411,0.389,0.46,0.355,0.484,0.375
L1,21,implant,laminar_downgoing_hook,right,0.511,0.38,,,,,,,,,0.484,0.411,0.389,0.46,0.355,0.484,0.375
L1,21,implant,laminar_upgoing_hook,right,0.511,0.348,,,,,,,,,0.484,0.411,0.389,0.46,0.355,0.484,0.375
L1,21,implant,tp_hook,right,0.526,0.39,,,,,,,,,0.484,0.411,0.389,0.46,0.355,0.484,0.375
L1,21,implant,tether,right,0.5,0.362,0.037,,,,,,,,0.484,0.411,0.389,0.46,0.355,0.484,0.375
L1,21,implant,sublaminar_wire,right,0.515,0.383,0.031,,,,,,,,0.484,0.411,0.389,0.46,0.355,0.484,0.375
L1,21,implant,sublaminar_wire,left,0.485,0.383,0.031,,,,,,,,0.484,0.411,0.389,0.46,0.355,0.484,0.375
L2,22,implant,pedicle_screw,left,0.47,0.352,0.8,1.25,5,,,,,,0.484,0.375,0.353,0.45,0.32,0.482,0.343
L2,22,implant,translaminar_screw,left,0.49,0.335,1,0.75,-15,,,,,,0.484,0.375,0.353,0.45,0.32,0.482,0.343
L2,22,implant,laminar_downgoing_hook,left,0.489,0.348,,,,,,,,,0.484,0.375,0.353,0.45,0.32,0.482,0.343
L2,22,implant,laminar_upgoing_hook,left,0.489,0.313,,,,,,,,,0.484,0.375,0.353,0.45,0.32,0.482,0.343
L2,22,implant,tp_hook,left,0.472,0.36,,,,,,,,,0.484,0.375,0.353,0.45,0.32,0.482,0.343
L2,22,implant,pedicle_screw,right,0.53,0.352,0.8,1.25,5,,,,,,0.484,0.375,0.353,0.45,0.32,0.482,0.343
L2,22,implant,translaminar_screw,right,0.51,0.335,1,0.75,-15,,,,,,0.484,0.375,0.353,0.45,0.32,0.482,0.343
L2,22,implant,laminar_downgoing_hook,right,0.511,0.348,,,,,,,,,0.484,0.375,0.353,0.45,0.32,0.482,0.343
L2,22,implant,laminar_upgoing_hook,right,0.511,0.313,,,,,,,,,0.484,0.375,0.353,0.45,0.32,0.482,0.343
L2,22,implant,tp_hook,right,0.528,0.36,,,,,,,,,0.484,0.375,0.353,0.45,0.32,0.482,0.343
L2,22,implant,tether,right,0.5,0.325,0.037,,,,,,,,0.484,0.375,0.353,0.45,0.32,0.482,0.343
L2,22,implant,sublaminar_wire,right,0.515,0.349,0.032,,,,,,,,0.484,0.375,0.353,0.45,0.32,0.482,0.343
L2,22,implant,sublaminar_wire,left,0.485,0.349,0.032,,,,,,,,0.484,0.375,0.353,0.45,0.32,0.482,0.343
L3,23,implant,pedicle_screw,left,0.4675,0.311,0.9,1.25,0,,,,,,0.482,0.343,0.318,0.445,0.284,0.48,0.301
L3,23,implant,translaminar_screw,left,0.49,0.298,1,0.75,-15,,,,,,0.482,0.343,0.318,0.445,0.284,0.48,0.301
L3,23,implant,laminar_downgoing_hook,left,0.489,0.31,,,,,,,,,0.482,0.343,0.318,0.445,0.284,0.48,0.301
L3,23,implant,laminar_upgoing_hook,left,0.489,0.28,,,,,,,,,0.482,0.343,0.318,0.445,0.284,0.48,0.301
L3,23,implant,tp_hook,left,0.47,0.318,,,,,,,,,0.482,0.343,0.318,0.445,0.284,0.48,0.301
L3,23,implant,pedicle_screw,right,0.5325,0.311,0.9,1.25,0,,,,,,0.482,0.343,0.318,0.445,0.284,0.48,0.301
L3,23,implant,translaminar_screw,right,0.51,0.298,1,0.75,-15,,,,,,0.482,0.343,0.318,0.445,0.284,0.48,0.301
L3,23,implant,laminar_downgoing_hook,right,0.511,0.31,,,,,,,,,0.482,0.343,0.318,0.445,0.284,0.48,0.301
L3,23,implant,laminar_upgoing_hook,right,0.511,0.28,,,,,,,,,0.482,0.343,0.318,0.445,0.284,0.48,0.301
L3,23,implant,tp_hook,right,0.53,0.318,,,,,,,,,0.482,0.343,0.318,0.445,0.284,0.48,0.301
L3,23,implant,tether,right,0.5,0.288,0.032,,,,,,,,0.482,0.343,0.318,0.445,0.284,0.48,0.301
L3,23,implant,sublaminar_wire,right,0.515,0.315,0.031,,,,,,,,0.482,0.343,0.318,0.445,0.284,0.48,0.301
L3,23,implant,sublaminar_wire,left,0.485,0.315,0.031,,,,,,,,0.482,0.343,0.318,0.445,0.284,0.48,0.301
L4,24,implant,pedicle_screw,left,0.465,0.272,1,1.25,-10,,,,,,0.48,0.301,0.276,0.44,0.248,0.478,0.261
L4,24,implant,translaminar_screw,left,0.49,0.26,1,0.75,-15,,,,,,0.48,0.301,0.276,0.44,0.248,0.478,0.261
L4,24,implant,laminar_downgoing_hook,left,0.489,0.27,,,,,,,,,0.48,0.301,0.276,0.44,0.248,0.478,0.261
L4,24,implant,laminar_upgoing_hook,left,0.489,0.243,,,,,,,,,0.48,0.301,0.276,0.44,0.248,0.478,0.261
L4,24,implant,tp_hook,left,0.468,0.278,,,,,,,,,0.48,0.301,0.276,0.44,0.248,0.478,0.261
L4,24,implant,pedicle_screw,right,0.535,0.272,1,1.25,-10,,,,,,0.48,0.301,0.276,0.44,0.248,0.478,0.261
L4,24,implant,translaminar_screw,right,0.51,0.26,1,0.75,-15,,,,,,0.48,0.301,0.276,0.44,0.248,0.478,0.261
L4,24,implant,laminar_downgoing_hook,right,0.511,0.27,,,,,,,,,0.48,0.301,0.276,0.44,0.248,0.478,0.261
L4,24,implant,laminar_upgoing_hook,right,0.511,0.243,,,,,,,,,0.48,0.301,0.276,0.44,0.248,0.478,0.261
L4,24,implant,tp_hook,right,0.532,0.278,,,,,,,,,0.48,0.301,0.276,0.44,0.248,0.478,0.261
L4,24,implant,tether,right,0.5,0.256,0.036,,,,,,,,0.48,0.301,0.276,0.44,0.248,0.478,0.261
L4,24,implant,sublaminar_wire,right,0.515,0.274,0.027,,,,,,,,0.48,0.301,0.276,0.44,0.248,0.478,0.261
L4,24,implant,sublaminar_wire,left,0.485,0.274,0.027,,,,,,,,0.48,0.301,0.276,0.44,0.248,0.478,0.261
L5,25,implant,pedicle_screw,left,0.4625,0.235,1.2,1.5,-20,,,,,,0.478,0.261,0.238,0.44,0.213,0.475,0.228
L5,25,implant,translaminar_screw,left,0.49,0.224,1,0.75,-15,,,,,,0.478,0.261,0.238,0.44,0.213,0.475,0.228
L5,25,implant,laminar_downgoing_hook,left,0.489,0.235,,,,,,,,,0.478,0.261,0.238,0.44,0.213,0.475,0.228
L5,25,implant,laminar_upgoing_hook,left,0.489,0.21,,,,,,,,,0.478,0.261,0.238,0.44,0.213,0.475,0.228
L5,25,implant,tp_hook,left,0.466,0.238,,,,,,,,,0.478,0.261,0.238,0.44,0.213,0.475,0.228
L5,25,implant,pedicle_screw,right,0.5375,0.235,1.2,1.5,-20,,,,,,0.478,0.261,0.238,0.44,0.213,0.475,0.228
L5,25,implant,translaminar_screw,right,0.51,0.224,1,0.75,-15,,,,,,0.478,0.261,0.238,0.44,0.213,0.475,0.228
L5,25,implant,laminar_downgoing_hook,right,0.511,0.235,,,,,,,,,0.478,0.261,0.238,0.44,0.213,0.475,0.228
L5,25,implant,laminar_upgoing_hook,right,0.511,0.21,,,,,,,,,0.478,0.261,0.238,0.44,0.213,0.475,0.228
L5,25,implant,tp_hook,right,0.534,0.238,,,,,,,,,0.478,0.261,0.238,0.44,0.213,0.475,0.228
L5,25,implant,tether,right,0.5,0.22,0.035,,,,,,,,0.478,0.261,0.238,0.44,0.213,0.475,0.228
L5,25,implant,sublaminar_wire,right,0.515,0.238,0.024,,,,,,,,0.478,0.261,0.238,0.44,0.213,0.475,0.228
L5,25,implant,sublaminar_wire,left,0.485,0.238,0.024,,,,,,,,0.478,0.261,0.238,0.44,0.213,0.475,0.228
S1,26,implant,pedicle_screw,left,0.46,0.204,1.5,1.5,-30,,,,,,0.475,0.228,0.197,0.44,0.17,0.46,0.19
S1,26,implant,pedicle_screw,right,0.54,0.204,1.5,1.5,-30,,,,,,0.475,0.228,0.197,0.44,0.17,0.46,0.19
Iliac,27,implant,pelvic_screw,left,0.447,0.18,3,1.5,-150,,,,,,,,,,,,
Iliac,27,implant,pelvic_screw,left,0.441,0.199,3,1.5,-150,,,,,,,,,,,,
Iliac,27,implant,pelvic_screw,right,0.553,0.18,3,1.5,-150,,,,,,,,,,,,
Iliac,27,implant,pelvic_screw,right,0.559,0.199,3,1.5,-150,,,,,,,,,,,,
S2AI,28,implant,pelvic_screw,left,0.466,0.166,3,1.5,-155,,,,,,,,,,,,
S2AI,28,implant,pelvic_screw,left,0.467,0.158,3,1.5,-155,,,,,,,,,,,,
S2AI,28,implant,pelvic_screw,right,0.534,0.166,3,1.5,-155,,,,,,,,,,,,
S2AI,28,implant,pelvic_screw,right,0.533,0.158,3,1.5,-155,,,,,,,,,,,,
C7,,osteotomy,grade_1,left,0.492,0.767,,,,Grade 1,0.478,0.767,0.492,0.76,0.475,0.793,0.781,0.46,0.766,0.48,0.769
T1,,osteotomy,grade_1,left,0.493,0.746,,,,Grade 1,0.481,0.746,0.493,0.738,0.48,0.769,0.756,0.46,0.739,0.48,0.747
T2,,osteotomy,grade_1,left,0.494,0.72,,,,Grade 1,0.481,0.72,0.494,0.714,0.48,0.747,0.732,0.46,0.716,0.48,0.723
T3,,osteotomy,grade_1,left,0.494,0.695,,,,Grade 1,0.481,0.695,0.494,0.689,0.48,0.723,0.71,0.46,0.688,0.48,0.701
T4,,osteotomy,grade_1,left,0.493,0.668,,,,Grade 1,0.481,0.668,0.493,0.658,0.48,0.701,0.684,0.46,0.66,0.48,0.672
T5,,osteotomy,grade_1,left,0.492,0.64,,,,Grade 1,0.481,0.64,0.492,0.628,0.48,0.672,0.657,0.46,0.628,0.48,0.643
T6,,osteotomy,grade_1,left,0.492,0.606,,,,Grade 1,0.48,0.606,0.492,0.595,0.48,0.643,0.625,0.46,0.596,0.48,0.613
T7,,osteotomy,grade_1,left,0.491,0.577,,,,Grade 1,0.479,0.577,0.491,0.566,0.48,0.613,0.592,0.46,0.568,0.48,0.583
T8,,osteotomy,grade_1,left,0.492,0.544,,,,Grade 1,0.476,0.544,0.492,0.529,0.48,0.583,0.564,0.46,0.532,0.48,0.551
T9,,osteotomy,grade_1,left,0.49,0.508,,,,Grade 1,0.477,0.508,0.49,0.498,0.48,0.551,0.528,0.46,0.501,0.48,0.52
T10,,osteotomy,grade_1,left,0.492,0.476,,,,Grade 1,0.478,0.476,0.492,0.465,0.48,0.52,0.494,0.467,0.467,0.482,0.481
T11,,osteotomy,grade_1,left,0.491,0.438,,,,Grade 1,0.478,0.438,0.491,0.425,0.482,0.481,0.46,0.47,0.428,0.484,0.447
T12,,osteotomy,grade_1,left,0.492,0.4,,,,Grade 1,0.483,0.4,0.492,0.385,0.484,0.447,0.427,0.47,0.393,0.484,0.411
L1,,osteotomy,grade_1,left,0.491,0.367,,,,Grade 1,0.483,0.367,0.491,0.352,0.484,0.411,0.389,0.46,0.355,0.484,0.375
L2,,osteotomy,grade_1,left,0.489,0.33,,,,Grade 1,0.478,0.33,0.489,0.314,0.484,0.375,0.353,0.45,0.32,0.482,0.343
L3,,osteotomy,grade_1,left,0.486,0.291,,,,Grade 1,0.474,0.291,0.486,0.278,0.482,0.343,0.318,0.445,0.284,0.48,0.301
L4,,osteotomy,grade_1,left,0.487,0.252,,,,Grade 1,0.476,0.252,0.487,0.241,0.48,0.301,0.276,0.44,0.248,0.478,0.261
L5,,osteotomy,grade_1,left,0.48,0.224,,,,Grade 1,0.469,0.224,0.48,0.209,0.478,0.261,0.238,0.44,0.213,0.475,0.228
C7,,osteotomy,grade_1,right,0.508,0.767,,,,Grade 1,0.522,0.767,0.508,0.76,0.475,0.793,0.781,0.46,0.766,0.48,0.769
T1,,osteotomy,grade_1,right,0.507,0.746,,,,Grade 1,0.519,0.746,0.507,0.738,0.48,0.769,0.756,0.46,0.739,0.48,0.747
T2,,osteotomy,grade_1,right,0.506,0.72,,,,Grade 1,0.519,0.72,0.506,0.714,0.48,0.747,0.732,0.46,0.716,0.48,0.723
T3,,osteotomy,grade_1,right,0.506,0.695,,,,Grade 1,0.519,0.695,0.506,0.689,0.48,0.723,0.71,0.46,0.688,0.48,0.701
T4,,osteotomy,grade_1,right,0.507,0.668,,,,Grade 1,0.519,0.668,0.507,0.658,0.48,0.701,0.684,0.46,0.66,0.48,0.672
T5,,osteotomy,grade_1,right,0.508,0.64,,,,Grade 1,0.519,0.64,0.508,0.628,0.48,0.672,0.657,0.46,0.628,0.48,0.643
T6,,osteotomy,grade_1,right,0.508,0.606,,,,Grade 1,0.52,0.606,0.508,0.595,0.48,0.643,0.625,0.46,0.596,0.48,0.613
T7,,osteotomy,grade_1,right,0.509,0.577,,,,Grade 1,0.521,0.577,0.509,0.566,0.48,0.613,0.592,0.46,0.568,0.48,0.583
T8,,osteotomy,grade_1,right,0.508,0.544,,,,Grade 1,0.524,0.544,0.508,0.529,0.48,0.583,0.564,0.46,0.532,0.48,0.551
T9,,osteotomy,grade_1,right,0.51,0.508,,,,Grade 1,0.523,0.508,0.51,0.498,0.48,0.551,0.528,0.46,0.501,0.48,0.52
T10,,osteotomy,grade_1,right,0.508,0.476,,,,Grade 1,0.522,0.476,0.508,0.465,0.48,0.52,0.494,0.467,0.467,0.482,0.481
T11,,osteotomy,grade_1,right,0.509,0.438,,,,Grade 1,0.522,0.438,0.509,0.425,0.482,0.481,0.46,0.47,0.428,0.484,0.447
T12,,osteotomy,grade_1,right,0.508,0.4,,,,Grade 1,0.517,0.4,0.508,0.385,0.484,0.447,0.427,0.47,0.393,0.484,0.411
L1,,osteotomy,grade_1,right,0.509,0.367,,,,Grade 1,0.517,0.367,0.509,0.352,0.484,0.411,0.389,0.46,0.355,0.484,0.375
L2,,osteotomy,grade_1,right,0.511,0.33,,,,Grade 1,0.522,0.33,0.511,0.314,0.484,0.375,0.353,0.45,0.32,0.482,0.343
L3,,osteotomy,grade_1,right,0.514,0.291,,,,Grade 1,0.526,0.291,0.514,0.278,0.482,0.343,0.318,0.445,0.284,0.48,0.301
L4,,osteotomy,grade_1,right,0.513,0.252,,,,Grade 1,0.524,0.252,0.513,0.241,0.48,0.301,0.276,0.44,0.248,0.478,0.261
L5,,osteotomy,grade_1,right,0.52,0.224,,,,Grade 1,0.531,0.224,0.52,0.209,0.478,0.261,0.238,0.44,0.213,0.475,0.228
C2,,osteotomy,grade_2,left,0.5,0.858,,,,Grade 2,0.473,0.863,0.49,0.853,0.475,0.888,0.874,0.465,0.862,0.475,0.865
C3,,osteotomy,grade_2,left,0.5,0.839,,,,Grade 2,0.473,0.844,0.49,0.834,0.475,0.865,0.853,0.47,0.842,0.475,0.847
C4,,osteotomy,grade_2,left,0.5,0.821,,,,Grade 2,0.473,0.826,0.49,0.816,0.475,0.847,0.834,0.47,0.824,0.475,0.828
C5,,osteotomy,grade_2,left,0.5,0.802,,,,Grade 2,0.473,0.807,0.49,0.797,0.475,0.828,0.816,0.47,0.805,0.475,0.811
C6,,osteotomy,grade_2,left,0.5,0.786,,,,Grade 2,0.473,0.792,0.49,0.78,0.475,0.811,0.798,0.47,0.788,0.475,0.793
C7,,osteotomy,grade_2,left,0.5,0.767,,,,Grade 2,0.478,0.767,0.492,0.76,0.475,0.793,0.781,0.46,0.766,0.48,0.769
T1,,osteotomy,grade_2,left,0.5,0.746,,,,Grade 2,0.481,0.746,0.493,0.738,0.48,0.769,0.756,0.46,0.739,0.48,0.747
T2,,osteotomy,grade_2,left,0.5,0.72,,,,Grade 2,0.481,0.72,0.494,0.714,0.48,0.747,0.732,0.46,0.716,0.48,0.723
T3,,osteotomy,grade_2,left,0.5,0.695,,,,Grade 2,0.481,0.695,0.494,0.689,0.48,0.723,0.71,0.46,0.688,0.48,0.701
T4,,osteotomy,grade_2,left,0.5,0.668,,,,Grade 2,0.481,0.668,0.493,0.658,0.48,0.701,0.684,0.46,0.66,0.48,0.672
T5,,osteotomy,grade_2,left,0.5,0.64,,,,Grade 2,0.481,0.64,0.492,0.628,0.48,0.672,0.657,0.46,0.628,0.48,0.643
T6,,osteotomy,grade_2,left,0.5,0.606,,,,Grade 2,0.48,0.606,0.492,0.595,0.48,0.643,0.625,0.46,0.596,0.48,0.613
T7,,osteotomy,grade_2,left,0.5,0.577,,,,Grade 2,0.479,0.577,0.491,0.566,0.48,0.613,0.592,0.46,0.568,0.48,0.583
T8,,osteotomy,grade_2,left,0.5,0.544,,,,Grade 2,0.476,0.544,0.492,0.529,0.48,0.583,0.564,0.46,0.532,0.48,0.551
T9,,osteotomy,grade_2,left,0.5,0.508,,,,Grade 2,0.477,0.508,0.49,0.498,0.48,0.551,0.528,0.46,0.501,0.48,0.52
T10,,osteotomy,grade_2,left,0.5,0.476,,,,Grade 2,0.478,0.476,0.492,0.465,0.48,0.52,0.494,0.467,0.467,0.482,0.481
T11,,osteotomy,grade_2,left,0.5,0.438,,,,Grade 2,0.478,0.438,0.491,0.425,0.482,0.481,0.46,0.47,0.428,0.484,0.447
T12,,osteotomy,grade_2,left,0.5,0.4,,,,Grade 2,0.483,0.4,0.492,0.385,0.484,0.447,0.427,0.47,0.393,0.484,0.411
L1,,osteotomy,grade_2,left,0.5,0.367,,,,Grade 2,0.483,0.367,0.491,0.352,0.484,0.411,0.389,0.46,0.355,0.484,0.375
L2,,osteotomy,grade_2,left,0.5,0.33,,,,Grade 2,0.478,0.33,0.489,0.314,0.484,0.375,0.353,0.45,0.32,0.482,0.343
L3,,osteotomy,grade_2,left,0.5,0.291,,,,Grade 2,0.474,0.291,0.486,0.278,0.482,0.343,0.318,0.445,0.284,0.48,0.301
L4,,osteotomy,grade_2,left,0.5,0.252,,,,Grade 2,0.476,0.252,0.487,0.241,0.48,0.301,0.276,0.44,0.248,0.478,0.261
L5,,osteotomy,grade_2,left,0.5,0.224,,,,Grade 2,0.469,0.224,0.48,0.209,0.478,0.261,0.238,0.44,0.213,0.475,0.228
C2,,osteotomy,grade_3,left,0.5,0.87,,,,Grade 3,0.46,0.87,0.494,0.853,0.475,0.888,0.874,0.465,0.862,0.475,0.865
C3,,osteotomy,grade_3,left,0.5,0.85,,,,Grade 3,0.47,0.866,0.494,0.834,0.475,0.865,0.853,0.47,0.842,0.475,0.847
C4,,osteotomy,grade_3,left,0.5,0.83,,,,Grade 3,0.47,0.848,0.494,0.816,0.475,0.847,0.834,0.47,0.824,0.475,0.828
C5,,osteotomy,grade_3,left,0.5,0.81,,,,Grade 3,0.47,0.831,0.494,0.797,0.475,0.828,0.816,0.47,0.805,0.475,0.811
C6,,osteotomy,grade_3,left,0.5,0.79,,,,Grade 3,0.47,0.813,0.494,0.78,0.475,0.811,0.798,0.47,0.788,0.475,0.793
C7,,osteotomy,grade_3,left,0.5,0.77,,,,Grade 3,0.46,0.785,0.494,0.76,0.475,0.793,0.781,0.46,0.766,0.48,0.769
T1,,osteotomy,grade_3,left,0.5,0.75,,,,Grade 3,0.46,0.77,0.48,0.738,0.48,0.769,0.756,0.46,0.739,0.48,0.747
T2,,osteotomy,grade_3,left,0.5,0.72,,,,Grade 3,0.46,0.75,0.48,0.714,0.48,0.747,0.732,0.46,0.716,0.48,0.723
T3,,osteotomy,grade_3,left,0.5,0.7,,,,Grade 3,0.46,0.72,0.48,0.689,0.48,0.723,0.71,0.46,0.688,0.48,0.701
T4,,osteotomy,grade_3,left,0.5,0.67,,,,Grade 3,0.46,0.7,0.48,0.658,0.48,0.701,0.684,0.46,0.66,0.48,0.672
T5,,osteotomy,grade_3,left,0.5,0.64,,,,Grade 3,0.46,0.67,0.48,0.628,0.48,0.672,0.657,0.46,0.628,0.48,0.643
T6,,osteotomy,grade_3,left,0.5,0.61,,,,Grade 3,0.46,0.64,0.48,0.595,0.48,0.643,0.625,0.46,0.596,0.48,0.613
T7,,osteotomy,grade_3,left,0.5,0.58,,,,Grade 3,0.46,0.61,0.48,0.566,0.48,0.613,0.592,0.46,0.568,0.48,0.583
T8,,osteotomy,grade_3,left,0.5,0.55,,,,Grade 3,0.46,0.58,0.48,0.529,0.48,0.583,0.564,0.46,0.532,0.48,0.551
T9,,osteotomy,grade_3,left,0.5,0.51,,,,Grade 3,0.46,0.55,0.48,0.498,0.48,0.551,0.528,0.46,0.501,0.48,0.52
T10,,osteotomy,grade_3,left,0.5,0.48,,,,Grade 3,0.466,0.52,0.48,0.465,0.48,0.52,0.494,0.467,0.467,0.482,0.481
T11,,osteotomy,grade_3,left,0.5,0.44,,,,Grade 3,0.468,0.48,0.48,0.425,0.482,0.481,0.46,0.47,0.428,0.484,0.447
T12,,osteotomy,grade_3,left,0.5,0.41,,,,Grade 3,0.47,0.45,0.48,0.385,0.484,0.447,0.427,0.47,0.393,0.484,0.411
L1,,osteotomy,grade_3,left,0.5,0.37,,,,Grade 3,0.46,0.41,0.48,0.352,0.484,0.411,0.389,0.46,0.355,0.484,0.375
L2,,osteotomy,grade_3,left,0.5,0.34,,,,Grade 3,0.45,0.38,0.48,0.314,0.484,0.375,0.353,0.45,0.32,0.482,0.343
L3,,osteotomy,grade_3,left,0.5,0.3,,,,Grade 3,0.445,0.34,0.48,0.278,0.482,0.343,0.318,0.445,0.284,0.48,0.301
L4,,osteotomy,grade_3,left,0.5,0.27,,,,Grade 3,0.445,0.3,0.49,0.241,0.48,0.301,0.276,0.44,0.248,0.478,0.261
L5,,osteotomy,grade_3,left,0.5,0.23,,,,Grade 3,0.445,0.26,0.488,0.209,0.478,0.261,0.238,0.44,0.213,0.475,0.228
C2,,osteotomy,grade_4,left,0.5,0.87,,,,Grade 4,0.46,0.87,0.494,0.853,0.475,0.888,0.874,0.465,0.862,0.475,0.865
C3,,osteotomy,grade_4,left,0.5,0.85,,,,Grade 4,0.47,0.866,0.494,0.834,0.475,0.865,0.853,0.47,0.842,0.475,0.847
C4,,osteotomy,grade_4,left,0.5,0.83,,,,Grade 4,0.47,0.848,0.494,0.816,0.475,0.847,0.834,0.47,0.824,0.475,0.828
C5,,osteotomy,grade_4,left,0.5,0.81,,,,Grade 4,0.47,0.831,0.494,0.797,0.475,0.828,0.816,0.47,0.805,0.475,0.811
C6,,osteotomy,grade_4,left,0.5,0.79,,,,Grade 4,0.47,0.813,0.494,0.78,0.475,0.811,0.798,0.47,0.788,0.475,0.793
C7,,osteotomy,grade_4,left,0.5,0.7825,,,,Grade 4,0.478,0.79,0.492,0.775,0.475,0.793,0.781,0.46,0.766,0.48,0.769
T1,,osteotomy,grade_4,left,0.5,0.7525,,,,Grade 4,0.481,0.76,0.493,0.745,0.48,0.769,0.756,0.46,0.739,0.48,0.747
T2,,osteotomy,grade_4,left,0.5,0.7305,,,,Grade 4,0.481,0.738,0.494,0.723,0.48,0.747,0.732,0.46,0.716,0.48,0.723
T3,,osteotomy,grade_4,left,0.5,0.7065,,,,Grade 4,0.481,0.714,0.494,0.699,0.48,0.723,0.71,0.46,0.688,0.48,0.701
T4,,osteotomy,grade_4,left,0.5,0.6815,,,,Grade 4,0.48,0.689,0.493,0.674,0.48,0.701,0.684,0.46,0.66,0.48,0.672
T5,,osteotomy,grade_4,left,0.5,0.6505,,,,Grade 4,0.48,0.658,0.492,0.643,0.48,0.672,0.657,0.46,0.628,0.48,0.643
T6,,osteotomy,grade_4,left,0.5,0.6205,,,,Grade 4,0.48,0.628,0.492,0.613,0.48,0.643,0.625,0.46,0.596,0.48,0.613
T7,,osteotomy,grade_4,left,0.5,0.5875,,,,Grade 4,0.48,0.595,0.491,0.58,0.48,0.613,0.592,0.46,0.568,0.48,0.583
T8,,osteotomy,grade_4,left,0.5,0.5585,,,,Grade 4,0.48,0.566,0.492,0.551,0.48,0.583,0.564,0.46,0.532,0.48,0.551
T9,,osteotomy,grade_4,left,0.5,0.5215,,,,Grade 4,0.48,0.529,0.49,0.514,0.48,0.551,0.528,0.46,0.501,0.48,0.52
T10,,osteotomy,grade_4,left,0.5,0.4905,,,,Grade 4,0.48,0.498,0.492,0.483,0.48,0.52,0.494,0.467,0.467,0.482,0.481
T11,,osteotomy,grade_4,left,0.5,0.4575,,,,Grade 4,0.48,0.465,0.491,0.45,0.482,0.481,0.46,0.47,0.428,0.484,0.447
T12,,osteotomy,grade_4,left,0.5,0.42,,,,Grade 4,0.48,0.43,0.492,0.41,0.484,0.447,0.427,0.47,0.393,0.484,0.411
L1,,osteotomy,grade_4,left,0.5,0.3775,,,,Grade 4,0.48,0.39,0.491,0.365,0.484,0.411,0.389,0.46,0.355,0.484,0.375
L2,,osteotomy,grade_4,left,0.5,0.346,,,,Grade 4,0.476,0.36,0.489,0.332,0.484,0.375,0.353,0.45,0.32,0.482,0.343
L3,,osteotomy,grade_4,left,0.5,0.307,,,,Grade 4,0.472,0.32,0.486,0.294,0.482,0.343,0.318,0.445,0.284,0.48,0.301
L4,,osteotomy,grade_4,left,0.5,0.269,,,,Grade 4,0.468,0.28,0.487,0.258,0.48,0.301,0.276,0.44,0.248,0.478,0.261
L5,,osteotomy,grade_4,left,0.5,0.231,,,,Grade 4,0.466,0.241,0.48,0.221,0.478,0.261,0.238,0.44,0.213,0.475,0.228
C2,,osteotomy,grade_5,left,0.5,0.87,,,,Grade 5,0.46,0.87,0.494,0.853,0.475,0.888,0.874,0.465,0.862,0.475,0.865
C3,,osteotomy,grade_5,left,0.5,0.85,,,,Grade 5,0.47,0.866,0.494,0.834,0.475,0.865,0.853,0.47,0.842,0.475,0.847
C4,,osteotomy,grade_5,left,0.5,0.83,,,,Grade 5,0.47,0.848,0.494,0.816,0.475,0.847,0.834,0.47,0.824,0.475,0.828
C5,,osteotomy,grade_5,left,0.5,0.81,,,,Grade 5,0.47,0.831,0.494,0.797,0.475,0.828,0.816,0.47,0.805,0.475,0.811
C6,,osteotomy,grade_5,left,0.5,0.79,,,,Grade 5,0.47,0.813,0.494,0.78,0.475,0.811,0.798,0.47,0.788,0.475,0.793
C7,,osteotomy,grade_5,left,0.5,0.7825,,,,Grade 5,0.478,0.79,0.492,0.775,0.475,0.793,0.781,0.46,0.766,0.48,0.769
T1,,osteotomy,grade_5,left,0.5,0.7525,,,,Grade 5,0.481,0.76,0.493,0.745,0.48,0.769,0.756,0.46,0.739,0.48,0.747
T2,,osteotomy,grade_5,left,0.5,0.7305,,,,Grade 5,0.481,0.738,0.494,0.723,0.48,0.747,0.732,0.46,0.716,0.48,0.723
T3,,osteotomy,grade_5,left,0.5,0.7065,,,,Grade 5,0.481,0.714,0.494,0.699,0.48,0.723,0.71,0.46,0.688,0.48,0.701
T4,,osteotomy,grade_5,left,0.5,0.6815,,,,Grade 5,0.48,0.689,0.493,0.674,0.48,0.701,0.684,0.46,0.66,0.48,0.672
T5,,osteotomy,grade_5,left,0.5,0.6505,,,,Grade 5,0.48,0.658,0.492,0.643,0.48,0.672,0.657,0.46,0.628,0.48,0.643
T6,,osteotomy,grade_5,left,0.5,0.6205,,,,Grade 5,0.48,0.628,0.492,0.613,0.48,0.643,0.625,0.46,0.596,0.48,0.613
T7,,osteotomy,grade_5,left,0.5,0.5875,,,,Grade 5,0.48,0.595,0.491,0.58,0.48,0.613,0.592,0.46,0.568,0.48,0.583
T8,,osteotomy,grade_5,left,0.5,0.5585,,,,Grade 5,0.48,0.566,0.492,0.551,0.48,0.583,0.564,0.46,0.532,0.48,0.551
T9,,osteotomy,grade_5,left,0.5,0.5215,,,,Grade 5,0.48,0.529,0.49,0.514,0.48,0.551,0.528,0.46,0.501,0.48,0.52
T10,,osteotomy,grade_5,left,0.5,0.4905,,,,Grade 5,0.48,0.498,0.492,0.483,0.48,0.52,0.494,0.467,0.467,0.482,0.481
T11,,osteotomy,grade_5,left,0.5,0.4575,,,,Grade 5,0.48,0.465,0.491,0.45,0.482,0.481,0.46,0.47,0.428,0.484,0.447
T12,,osteotomy,grade_5,left,0.5,0.42,,,,Grade 5,0.48,0.43,0.492,0.41,0.484,0.447,0.427,0.47,0.393,0.484,0.411
L1,,osteotomy,grade_5,left,0.5,0.3775,,,,Grade 5,0.48,0.39,0.491,0.365,0.484,0.411,0.389,0.46,0.355,0.484,0.375
L2,,osteotomy,grade_5,left,0.5,0.346,,,,Grade 5,0.476,0.36,0.489,0.332,0.484,0.375,0.353,0.45,0.32,0.482,0.343
L3,,osteotomy,grade_5,left,0.5,0.307,,,,Grade 5,0.472,0.32,0.486,0.294,0.482,0.343,0.318,0.445,0.284,0.48,0.301
L4,,osteotomy,grade_5,left,0.5,0.269,,,,Grade 5,0.468,0.28,0.487,0.258,0.48,0.301,0.276,0.44,0.248,0.478,0.261
L5,,osteotomy,grade_5,left,0.5,0.231,,,,Grade 5,0.466,0.241,0.48,0.221,0.478,0.261,0.238,0.44,0.213,0.475,0.228
C1,,decompression,laminectomy,central,0.5,0.8785,,0.012,,,0.494,0.889,0.506,0.873,,,,,,,
C2,,decompression,laminectomy,central,0.5,0.8585,,0.012,,,0.494,0.873,0.506,0.853,0.475,0.888,0.874,0.465,0.862,0.475,0.865
C3,,decompression,laminectomy,central,0.5,0.8405,,0.012,,,0.494,0.853,0.506,0.835,0.475,0.865,0.853,0.47,0.842,0.475,0.847
C4,,decompression,laminectomy,central,0.5,0.8215,,0.012,,,0.494,0.835,0.506,0.816,0.475,0.847,0.834,0.47,0.824,0.475,0.828
C5,,decompression,laminectomy,central,0.5,0.8025,,0.012,,,0.494,0.816,0.506,0.797,0.475,0.828,0.816,0.47,0.805,0.475,0.811
C6,,decompression,laminectomy,central,0.5,0.7915,,0.012,,,0.494,0.797,0.506,0.786,0.475,0.811,0.798,0.47,0.788,0.475,0.793
C7,,decompression,laminectomy,central,0.5,0.77,,0.012,,,0.494,0.779,0.506,0.76,0.475,0.793,0.781,0.46,0.766,0.48,0.769
T1,,decompression,laminectomy,central,0.5,0.749,,0.012,,,0.494,0.756,0.506,0.738,0.48,0.769,0.756,0.46,0.739,0.48,0.747
T2,,decompression,laminectomy,central,0.5,0.726,,0.012,,,0.494,0.732,0.506,0.714,0.48,0.747,0.732,0.46,0.716,0.48,0.723
T3,,decompression,laminectomy,central,0.5,0.7015,,0.012,,,0.494,0.71,0.506,0.689,0.48,0.723,0.71,0.46,0.688,0.48,0.701
T4,,decompression,laminectomy,central,0.5,0.6735,,0.012,,,0.494,0.682,0.506,0.658,0.48,0.701,0.684,0.46,0.66,0.48,0.672
T5,,decompression,laminectomy,central,0.5,0.643,,0.012,,,0.494,0.657,0.506,0.628,0.48,0.672,0.657,0.46,0.628,0.48,0.643
T6,,decompression,laminectomy,central,0.5,0.6115,,0.012,,,0.494,0.624,0.506,0.595,0.48,0.643,0.625,0.46,0.596,0.48,0.613
T7,,decompression,laminectomy,central,0.5,0.5805,,0.012,,,0.494,0.591,0.506,0.566,0.48,0.613,0.592,0.46,0.568,0.48,0.583
T8,,decompression,laminectomy,central,0.5,0.5475,,0.012,,,0.494,0.561,0.506,0.529,0.48,0.583,0.564,0.46,0.532,0.48,0.551
T9,,decompression,laminectomy,central,0.5,0.5135,,0.012,,,0.494,0.528,0.506,0.498,0.48,0.551,0.528,0.46,0.501,0.48,0.52
T10,,decompression,laminectomy,central,0.5,0.4815,,0.012,,,0.494,0.496,0.506,0.465,0.48,0.52,0.494,0.467,0.467,0.482,0.481
T11,,decompression,laminectomy,central,0.5,0.445,,0.012,,,0.494,0.463,0.506,0.425,0.482,0.481,0.46,0.47,0.428,0.484,0.447
T12,,decompression,laminectomy,central,0.5,0.405,,0.012,,,0.494,0.425,0.506,0.385,0.484,0.447,0.427,0.47,0.393,0.484,0.411
L1,,decompression,laminectomy,central,0.5,0.3685,,0.012,,,0.494,0.383,0.506,0.352,0.484,0.411,0.389,0.46,0.355,0.484,0.375
L2,,decompression,laminectomy,central,0.5,0.333,,0.012,,,0.494,0.349,0.506,0.314,0.484,0.375,0.353,0.45,0.32,0.482,0.343
L3,,decompression,laminectomy,central,0.5,0.296,,0.016,,,0.492,0.315,0.508,0.278,0.482,0.343,0.318,0.445,0.284,0.48,0.301
L4,,decompression,laminectomy,central,0.5,0.2595,,0.02,,,0.49,0.274,0.51,0.241,0.48,0.301,0.276,0.44,0.248,0.478,0.261
L5,,decompression,laminectomy,central,0.5,0.225,,0.024,,,0.488,0.238,0.512,0.209,0.478,0.261,0.238,0.44,0.213,0.475,0.228
C1,,decompression,hemilaminectomy,left,0.496,0.8785,,0.004,,,0.494,0.889,0.498,0.873,,,,,,,
C2,,decompression,hemilaminectomy,left,0.496,0.8585,,0.004,,,0.494,0.873,0.498,0.853,0.475,0.888,0.874,0.465,0.862,0.475,0.865
C3,,decompression,hemilaminectomy,left,0.496,0.8405,,0.004,,,0.494,0.853,0.498,0.835,0.475,0.865,0.853,0.47,0.842,0.475,0.847
C4,,decompression,hemilaminectomy,left,0.496,0.8215,,0.004,,,0.494,0.835,0.498,0.816,0.475,0.847,0.834,0.47,0.824,0.475,0.828
C5,,decompression,hemilaminectomy,left,0.496,0.8025,,0.004,,,0.494,0.816,0.498,0.797,0.475,0.828,0.816,0.47,0.805,0.475,0.811
C6,,decompression,hemilaminectomy,left,0.496,0.7915,,0.004,,,0.494,0.797,0.498,0.786,0.475,0.811,0.798,0.47,0.788,0.475,0.793
C7,,decompression,hemilaminectomy,left,0.496,0.77,,0.004,,,0.494,0.779,0.498,0.76,0.475,0.793,0.781,0.46,0.766,0.48,0.769
T1,,decompression,hemilaminectomy,left,0.496,0.749,,0.004,,,0.494,0.756,0.498,0.738,0.48,0.769,0.756,0.46,0.739,0.48,0.747
T2,,decompression,hemilaminectomy,left,0.496,0.726,,0.004,,,0.494,0.732,0.498,0.714,0.48,0.747,0.732,0.46,0.716,0.48,0.723
T3,,decompression,hemilaminectomy,left,0.496,0.7015,,0.004,,,0.494,0.71,0.498,0.689,0.48,0.723,0.71,0.46,0.688,0.48,0.701
T4,,decompression,hemilaminectomy,left,0.496,0.6735,,0.004,,,0.494,0.682,0.498,0.658,0.48,0.701,0.684,0.46,0.66,0.48,0.672
T5,,decompression,hemilaminectomy,left,0.496,0.643,,0.004,,,0.494,0.657,0.498,0.628,0.48,0.672,0.657,0.46,0.628,0.48,0.643
T6,,decompression,hemilaminectomy,left,0.496,0.6115,,0.004,,,0.494,0.624,0.498,0.595,0.48,0.643,0.625,0.46,0.596,0.48,0.613
T7,,decompression,hemilaminectomy,left,0.496,0.5805,,0.004,,,0.494,0.591,0.498,0.566,0.48,0.613,0.592,0.46,0.568,0.48,0.583
T8,,decompression,hemilaminectomy,left,0.496,0.5475,,0.004,,,0.494,0.561,0.498,0.529,0.48,0.583,0.564,0.46,0.532,0.48,0.551
T9,,decompression,hemilaminectomy,left,0.496,0.5135,,0.004,,,0.494,0.528,0.498,0.498,0.48,0.551,0.528,0.46,0.501,0.48,0.52
T10,,decompression,hemilaminectomy,left,0.496,0.4815,,0.004,,,0.494,0.496,0.498,0.465,0.48,0.52,0.494,0.467,0.467,0.482,0.481
T11,,decompression,hemilaminectomy,left,0.496,0.445,,0.004,,,0.494,0.463,0.498,0.425,0.482,0.481,0.46,0.47,0.428,0.484,0.447
T12,,decompression,hemilaminectomy,left,0.496,0.405,,0.004,,,0.494,0.425,0.498,0.385,0.484,0.447,0.427,0.47,0.393,0.484,0.411
L1,,decompression,hemilaminectomy,left,0.496,0.3685,,0.004,,,0.494,0.383,0.498,0.352,0.484,0.411,0.389,0.46,0.355,0.484,0.375
L2,,decompression,hemilaminectomy,left,0.496,0.333,,0.004,,,0.494,0.349,0.498,0.314,0.484,0.375,0.353,0.45,0.32,0.482,0.343
L3,,decompression,hemilaminectomy,left,0.495,0.296,,0.006,,,0.492,0.315,0.498,0.278,0.482,0.343,0.318,0.445,0.284,0.48,0.301
L4,,decompression,hemilaminectomy,left,0.494,0.2595,,0.008,,,0.49,0.274,0.498,0.241,0.48,0.301,0.276,0.44,0.248,0.478,0.261
L5,,decompression,hemilaminectomy,left,0.493,0.225,,0.01,,,0.488,0.238,0.498,0.209,0.478,0.261,0.238,0.44,0.213,0.475,0.228
C1,,decompression,hemilaminectomy,right,0.504,0.8785,,0.004,,,0.502,0.889,0.506,0.873,,,,,,,
C2,,decompression,hemilaminectomy,right,0.504,0.8585,,0.004,,,0.502,0.873,0.506,0.853,0.475,0.888,0.874,0.465,0.862,0.475,0.865
C3,,decompression,hemilaminectomy,right,0.504,0.8405,,0.004,,,0.502,0.853,0.506,0.835,0.475,0.865,0.853,0.47,0.842,0.475,0.847
C4,,decompression,hemilaminectomy,right,0.504,0.8215,,0.004,,,0.502,0.835,0.506,0.816,0.475,0.847,0.834,0.47,0.824,0.475,0.828
C5,,decompression,hemilaminectomy,right,0.504,0.8025,,0.004,,,0.502,0.816,0.506,0.797,0.475,0.828,0.816,0.47,0.805,0.475,0.811
C6,,decompression,hemilaminectomy,right,0.504,0.7915,,0.004,,,0.502,0.797,0.506,0.786,0.475,0.811,0.798,0.47,0.788,0.475,0.793
C7,,decompression,hemilaminectomy,right,0.504,0.77,,0.004,,,0.502,0.779,0.506,0.76,0.475,0.793,0.781,0.46,0.766,0.48,0.769
T1,,decompression,hemilaminectomy,right,0.504,0.749,,0.004,,,0.502,0.756,0.506,0.738,0.48,0.769,0.756,0.46,0.739,0.48,0.747
T2,,decompression,hemilaminectomy,right,0.504,0.726,,0.004,,,0.502,0.732,0.506,0.714,0.48,0.747,0.732,0.46,0.716,0.48,0.723
T3,,decompression,hemilaminectomy,right,0.504,0.7015,,0.004,,,0.502,0.71,0.506,0.689,0.48,0.723,0.71,0.46,0.688,0.48,0.701
T4,,decompression,hemilaminectomy,right,0.504,0.6735,,0.004,,,0.502,0.682,0.506,0.658,0.48,0.701,0.684,0.46,0.66,0.48,0.672
T5,,decompression,hemilaminectomy,right,0.504,0.643,,0.004,,,0.502,0.657,0.506,0.628,0.48,0.672,0.657,0.46,0.628,0.48,0.643
T6,,decompression,hemilaminectomy,right,0.504,0.6115,,0.004,,,0.502,0.624,0.506,0.595,0.48,0.643,0.625,0.46,0.596,0.48,0.613
T7,,decompression,hemilaminectomy,right,0.504,0.5805,,0.004,,,0.502,0.591,0.506,0.566,0.48,0.613,0.592,0.46,0.568,0.48,0.583
T8,,decompression,hemilaminectomy,right,0.504,0.5475,,0.004,,,0.502,0.561,0.506,0.529,0.48,0.583,0.564,0.46,0.532,0.48,0.551
T9,,decompression,hemilaminectomy,right,0.504,0.5135,,0.004,,,0.502,0.528,0.506,0.498,0.48,0.551,0.528,0.46,0.501,0.48,0.52
T10,,decompression,hemilaminectomy,right,0.504,0.4815,,0.004,,,0.502,0.496,0.506,0.465,0.48,0.52,0.494,0.467,0.467,0.482,0.481
T11,,decompression,hemilaminectomy,right,0.504,0.445,,0.004,,,0.502,0.463,0.506,0.425,0.482,0.481,0.46,0.47,0.428,0.484,0.447
T12,,decompression,hemilaminectomy,right,0.504,0.405,,0.004,,,0.502,0.425,0.506,0.385,0.484,0.447,0.427,0.47,0.393,0.484,0.411
L1,,decompression,hemilaminectomy,right,0.504,0.3685,,0.004,,,0.502,0.383,0.506,0.352,0.484,0.411,0.389,0.46,0.355,0.484,0.375
L2,,decompression,hemilaminectomy,right,0.504,0.333,,0.004,,,0.502,0.349,0.506,0.314,0.484,0.375,0.353,0.45,0.32,0.482,0.343
L3,,decompression,hemilaminectomy,right,0.505,0.296,,0.006,,,0.502,0.315,0.508,0.278,0.482,0.343,0.318,0.445,0.284,0.48,0.301
L4,,decompression,hemilaminectomy,right,0.506,0.2595,,0.008,,,0.502,0.274,0.51,0.241,0.48,0.301,0.276,0.44,0.248,0.478,0.261
L5,,decompression,hemilaminectomy,right,0.507,0.225,,0.01,,,0.502,0.238,0.512,0.209,0.478,0.261,0.238,0.44,0.213,0.475,0.228
C1-C2,,decompression,sublaminar_decompression,central,0.5,0.8785,,0.0084,,,0.494,0.8826,0.506,0.873,,,,,,,
C2-C3,,decompression,sublaminar_decompression,central,0.5,0.8585,,0.0084,,,0.494,0.865,0.506,0.853,,,,,,,
C3-C4,,decompression,sublaminar_decompression,central,0.5,0.8405,,0.0084,,,0.494,0.8458,0.506,0.835,,,,,,,
C4-C5,,decompression,sublaminar_decompression,central,0.5,0.8215,,0.0084,,,0.494,0.8274,0.506,0.816,,,,,,,
C5-C6,,decompression,sublaminar_decompression,central,0.5,0.8025,,0.0084,,,0.494,0.8084,0.506,0.797,,,,,,,
C6-C7,,decompression,sublaminar_decompression,central,0.5,0.7915,,0.0084,,,0.494,0.7898,0.506,0.779,,,,,,,
C7-T1,,decompression,sublaminar_decompression,central,0.5,0.77,,0.0084,,,0.494,0.7698,0.506,0.756,,,,,,,
T1-T2,,decompression,sublaminar_decompression,central,0.5,0.749,,0.0084,,,0.494,0.7464,0.506,0.732,,,,,,,
T2-T3,,decompression,sublaminar_decompression,central,0.5,0.726,,0.0084,,,0.494,0.7232,0.506,0.71,,,,,,,
T3-T4,,decompression,sublaminar_decompression,central,0.5,0.7015,,0.0084,,,0.494,0.6988,0.506,0.682,,,,,,,
T4-T5,,decompression,sublaminar_decompression,central,0.5,0.6735,,0.0084,,,0.494,0.672,0.506,0.657,,,,,,,
T5-T6,,decompression,sublaminar_decompression,central,0.5,0.643,,0.0084,,,0.494,0.6438,0.506,0.624,,,,,,,
T6-T7,,decompression,sublaminar_decompression,central,0.5,0.6115,,0.0084,,,0.494,0.6108,0.506,0.591,,,,,,,
T7-T8,,decompression,sublaminar_decompression,central,0.5,0.5805,,0.0084,,,0.494,0.579,0.506,0.561,,,,,,,
T8-T9,,decompression,sublaminar_decompression,central,0.5,0.5475,,0.0084,,,0.494,0.5478,0.506,0.528,,,,,,,
T9-T10,,decompression,sublaminar_decompression,central,0.5,0.5135,,0.0084,,,0.494,0.5152,0.506,0.496,,,,,,,
T10-T11,,decompression,sublaminar_decompression,central,0.5,0.4815,,0.0084,,,0.494,0.4828,0.506,0.463,,,,,,,
T11-T12,,decompression,sublaminar_decompression,central,0.5,0.445,,0.0084,,,0.494,0.4478,0.506,0.425,,,,,,,
T12-L1,,decompression,sublaminar_decompression,central,0.5,0.405,,0.0084,,,0.494,0.4082,0.506,0.383,,,,,,,
L1-L2,,decompression,sublaminar_decompression,central,0.5,0.3685,,0.0084,,,0.494,0.3694,0.506,0.349,,,,,,,
L2-L3,,decompression,sublaminar_decompression,central,0.5,0.333,,0.0084,,,0.494,0.3354,0.506,0.315,,,,,,,
L3-L4,,decompression,sublaminar_decompression,central,0.5,0.296,,0.0112,,,0.492,0.2986,0.508,0.274,,,,,,,
L4-L5,,decompression,sublaminar_decompression,central,0.5,0.2595,,0.014,,,0.49,0.2596,0.51,0.238,,,,,,,
L5-S1,,decompression,sublaminar_decompression,central,0.5,0.225,,0.0168,,,0.488,0.222,0.512,0.198,,,,,,,
C1-C2,,decompression,foraminotomy,left,0.491,0.876,,0.008,,,0.484,0.883,0.492,0.873,,,,,,,
C2-C3,,decompression,foraminotomy,left,0.491,0.857,,0.008,,,0.484,0.863,0.492,0.853,,,,,,,
C3-C4,,decompression,foraminotomy,left,0.491,0.8385,,0.008,,,0.484,0.845,0.492,0.835,,,,,,,
C4-C5,,decompression,foraminotomy,left,0.491,0.819,,0.008,,,0.484,0.826,0.492,0.816,,,,,,,
C5-C6,,decompression,foraminotomy,left,0.491,0.8005,,0.008,,,0.484,0.807,0.492,0.797,,,,,,,
C6-C7,,decompression,foraminotomy,left,0.491,0.7825,,0.008,,,0.484,0.789,0.492,0.779,,,,,,,
C7-T1,,decompression,foraminotomy,left,0.491,0.7595,,0.008,,,0.484,0.766,0.492,0.756,,,,,,,
T1-T2,,decompression,foraminotomy,left,0.491,0.7345,,0.008,,,0.484,0.742,0.492,0.732,,,,,,,
T2-T3,,decompression,foraminotomy,left,0.491,0.7115,,0.006,,,0.488,0.72,0.494,0.705,,,,,,,
T3-T4,,decompression,foraminotomy,left,0.491,0.6845,,0.006,,,0.488,0.692,0.494,0.677,,,,,,,
T4-T5,,decompression,foraminotomy,left,0.491,0.6575,,0.006,,,0.488,0.667,0.494,0.647,,,,,,,
T5-T6,,decompression,foraminotomy,left,0.491,0.6265,,0.006,,,0.488,0.634,0.494,0.614,,,,,,,
T6-T7,,decompression,foraminotomy,left,0.491,0.593,,0.006,,,0.488,0.601,0.494,0.581,,,,,,,
T7-T8,,decompression,foraminotomy,left,0.491,0.5635,,0.006,,,0.488,0.571,0.494,0.551,,,,,,,
T8-T9,,decompression,foraminotomy,left,0.491,0.529,,0.006,,,0.488,0.538,0.494,0.518,,,,,,,
T9-T10,,decompression,foraminotomy,left,0.491,0.497,,0.006,,,0.488,0.506,0.494,0.486,,,,,,,
T10-T11,,decompression,foraminotomy,left,0.491,0.464,,0.006,,,0.488,0.473,0.494,0.453,,,,,,,
T11-T12,,decompression,foraminotomy,left,0.491,0.425,,0.006,,,0.488,0.435,0.494,0.415,,,,,,,
T12-L1,,decompression,foraminotomy,left,0.491,0.3845,,0.006,,,0.488,0.393,0.494,0.373,,,,,,,
L1-L2,,decompression,foraminotomy,left,0.491,0.3505,,0.006,,,0.488,0.359,0.494,0.339,,,,,,,
L2-L3,,decompression,foraminotomy,left,0.491,0.316,,0.006,,,0.488,0.325,0.494,0.305,,,,,,,
L3-L4,,decompression,foraminotomy,left,0.491,0.279,,0.006,,,0.488,0.284,0.494,0.264,,,,,,,
L4-L5,,decompression,foraminotomy,left,0.4895,0.2425,,0.009,,,0.485,0.248,0.494,0.228,,,,,,,
L5-S1,,decompression,foraminotomy,left,0.487,0.206,,0.014,,,0.48,0.208,0.494,0.188,,,,,,,
C1-C2,,decompression,foraminotomy,right,0.509,0.876,,0.008,,,0.508,0.883,0.516,0.873,,,,,,,
C2-C3,,decompression,foraminotomy,right,0.509,0.857,,0.008,,,0.508,0.863,0.516,0.853,,,,,,,
C3-C4,,decompression,foraminotomy,right,0.509,0.8385,,0.008,,,0.508,0.845,0.516,0.835,,,,,,,
C4-C5,,decompression,foraminotomy,right,0.509,0.819,,0.008,,,0.508,0.826,0.516,0.816,,,,,,,
C5-C6,,decompression,foraminotomy,right,0.509,0.8005,,0.008,,,0.508,0.807,0.516,0.797,,,,,,,
C6-C7,,decompression,foraminotomy,right,0.509,0.7825,,0.008,,,0.508,0.789,0.516,0.779,,,,,,,
C7-T1,,decompression,foraminotomy,right,0.509,0.7595,,0.008,,,0.508,0.766,0.516,0.756,,,,,,,
T1-T2,,decompression,foraminotomy,right,0.509,0.7345,,0.008,,,0.508,0.742,0.516,0.732,,,,,,,
T2-T3,,decompression,foraminotomy,right,0.509,0.7115,,0.006,,,0.506,0.72,0.512,0.705,,,,,,,
T3-T4,,decompression,foraminotomy,right,0.509,0.6845,,0.006,,,0.506,0.692,0.512,0.677,,,,,,,
T4-T5,,decompression,foraminotomy,right,0.509,0.6575,,0.006,,,0.506,0.667,0.512,0.647,,,,,,,
T5-T6,,decompression,foraminotomy,right,0.509,0.6265,,0.006,,,0.506,0.634,0.512,0.614,,,,,,,
T6-T7,,decompression,foraminotomy,right,0.509,0.593,,0.006,,,0.506,0.601,0.512,0.581,,,,,,,
T7-T8,,decompression,foraminotomy,right,0.509,0.5635,,0.006,,,0.506,0.571,0.512,0.551,,,,,,,
T8-T9,,decompression,foraminotomy,right,0.509,0.529,,0.006,,,0.506,0.538,0.512,0.518,,,,,,,
T9-T10,,decompression,foraminotomy,right,0.509,0.497,,0.006,,,0.506,0.506,0.512,0.486,,,,,,,
T10-T11,,decompression,foraminotomy,right,0.509,0.464,,0.006,,,0.506,0.473,0.512,0.453,,,,,,,
T11-T12,,decompression,foraminotomy,right,0.509,0.425,,0.006,,,0.506,0.435,0.512,0.415,,,,,,,
T12-L1,,decompression,foraminotomy,right,0.509,0.3845,,0.006,,,0.506,0.393,0.512,0.373,,,,,,,
L1-L2,,decompression,foraminotomy,right,0.509,0.3505,,0.006,,,0.506,0.359,0.512,0.339,,,,,,,
L2-L3,,decompression,foraminotomy,right,0.509,0.316,,0.006,,,0.506,0.325,0.512,0.305,,,,,,,
L3-L4,,decompression,foraminotomy,right,0.509,0.279,,0.006,,,0.506,0.284,0.512,0.264,,,,,,,
L4-L5,,decompression,foraminotomy,right,0.5105,0.2425,,0.009,,,0.506,0.248,0.515,0.228,,,,,,,
L5-S1,,decompression,foraminotomy,right,0.513,0.206,,0.014,,,0.506,0.208,0.52,0.188,,,,,,,
C1-C2,,decompression,diskectomy,left,0.491,0.876,,0.006,,,0.488,0.879,0.494,0.873,,,,,,,
C2-C3,,decompression,diskectomy,left,0.491,0.857,,0.006,,,0.488,0.861,0.494,0.853,,,,,,,
C3-C4,,decompression,diskectomy,left,0.491,0.8385,,0.006,,,0.488,0.842,0.494,0.835,,,,,,,
C4-C5,,decompression,diskectomy,left,0.491,0.819,,0.006,,,0.488,0.822,0.494,0.816,,,,,,,
C5-C6,,decompression,diskectomy,left,0.491,0.8005,,0.006,,,0.488,0.804,0.494,0.797,,,,,,,
C6-C7,,decompression,diskectomy,left,0.491,0.7825,,0.006,,,0.488,0.786,0.494,0.779,,,,,,,
C7-T1,,decompression,diskectomy,left,0.491,0.7595,,0.006,,,0.488,0.763,0.494,0.756,,,,,,,
T1-T2,,decompression,diskectomy,left,0.491,0.7345,,0.006,,,0.488,0.737,0.494,0.732,,,,,,,
T2-T3,,decompression,diskectomy,left,0.491,0.7115,,0.006,,,0.488,0.713,0.494,0.71,,,,,,,
T3-T4,,decompression,diskectomy,left,0.491,0.6845,,0.006,,,0.488,0.687,0.494,0.682,,,,,,,
T4-T5,,decompression,diskectomy,left,0.491,0.6575,,0.006,,,0.488,0.658,0.494,0.657,,,,,,,
T5-T6,,decompression,diskectomy,left,0.491,0.6265,,0.006,,,0.488,0.629,0.494,0.624,,,,,,,
T6-T7,,decompression,diskectomy,left,0.491,0.593,,0.006,,,0.488,0.595,0.494,0.591,,,,,,,
T7-T8,,decompression,diskectomy,left,0.491,0.5635,,0.006,,,0.488,0.566,0.494,0.561,,,,,,,
T8-T9,,decompression,diskectomy,left,0.491,0.529,,0.006,,,0.488,0.53,0.494,0.528,,,,,,,
T9-T10,,decompression,diskectomy,left,0.491,0.497,,0.006,,,0.488,0.498,0.494,0.496,,,,,,,
T10-T11,,decompression,diskectomy,left,0.491,0.464,,0.006,,,0.488,0.465,0.494,0.463,,,,,,,
T11-T12,,decompression,diskectomy,left,0.491,0.425,,0.006,,,0.488,0.425,0.494,0.425,,,,,,,
T12-L1,,decompression,diskectomy,left,0.491,0.3845,,0.006,,,0.488,0.386,0.494,0.383,,,,,,,
L1-L2,,decompression,diskectomy,left,0.491,0.3505,,0.006,,,0.488,0.352,0.494,0.349,,,,,,,
L2-L3,,decompression,diskectomy,left,0.491,0.316,,0.006,,,0.488,0.317,0.494,0.315,,,,,,,
L3-L4,,decompression,diskectomy,left,0.491,0.279,,0.006,,,0.488,0.284,0.494,0.274,,,,,,,
L4-L5,,decompression,diskectomy,left,0.4895,0.2425,,0.009,,,0.485,0.247,0.494,0.238,,,,,,,
L5-S1,,decompression,diskectomy,left,0.487,0.206,,0.014,,,0.48,0.214,0.494,0.198,,,,,,,
C1-C2,,decompression,diskectomy,right,0.509,0.876,,0.006,,,0.506,0.879,0.512,0.873,,,,,,,
C2-C3,,decompression,diskectomy,right,0.509,0.857,,0.006,,,0.506,0.861,0.512,0.853,,,,,,,
C3-C4,,decompression,diskectomy,right,0.509,0.8385,,0.006,,,0.506,0.842,0.512,0.835,,,,,,,
C4-C5,,decompression,diskectomy,right,0.509,0.819,,0.006,,,0.506,0.822,0.512,0.816,,,,,,,
C5-C6,,decompression,diskectomy,right,0.509,0.8005,,0.006,,,0.506,0.804,0.512,0.797,,,,,,,
C6-C7,,decompression,diskectomy,right,0.509,0.7825,,0.006,,,0.506,0.786,0.512,0.779,,,,,,,
C7-T1,,decompression,diskectomy,right,0.509,0.7595,,0.006,,,0.506,0.763,0.512,0.756,,,,,,,
T1-T2,,decompression,diskectomy,right,0.509,0.7345,,0.006,,,0.506,0.737,0.512,0.732,,,,,,,
T2-T3,,decompression,diskectomy,right,0.509,0.7115,,0.006,,,0.506,0.713,0.512,0.71,,,,,,,
T3-T4,,decompression,diskectomy,right,0.509,0.6845,,0.006,,,0.506,0.687,0.512,0.682,,,,,,,
T4-T5,,decompression,diskectomy,right,0.509,0.6575,,0.006,,,0.506,0.658,0.512,0.657,,,,,,,
T5-T6,,decompression,diskectomy,right,0.509,0.6265,,0.006,,,0.506,0.629,0.512,0.624,,,,,,,
T6-T7,,decompression,diskectomy,right,0.509,0.593,,0.006,,,0.506,0.595,0.512,0.591,,,,,,,
T7-T8,,decompression,diskectomy,right,0.509,0.5635,,0.006,,,0.506,0.566,0.512,0.561,,,,,,,
T8-T9,,decompression,diskectomy,right,0.509,0.529,,0.006,,,0.506,0.53,0.512,0.528,,,,,,,
T9-T10,,decompression,diskectomy,right,0.509,0.497,,0.006,,,0.506,0.498,0.512,0.496,,,,,,,
T10-T11,,decompression,diskectomy,right,0.509,0.464,,0.006,,,0.506,0.465,0.512,0.463,,,,,,,
T11-T12,,decompression,diskectomy,right,0.509,0.425,,0.006,,,0.506,0.425,0.512,0.425,,,,,,,
T12-L1,,decompression,diskectomy,right,0.509,0.3845,,0.006,,,0.506,0.386,0.512,0.383,,,,,,,
L1-L2,,decompression,diskectomy,right,0.509,0.3505,,0.006,,,0.506,0.352,0.512,0.349,,,,,,,
L2-L3,,decompression,diskectomy,right,0.509,0.316,,0.006,,,0.506,0.317,0.512,0.315,,,,,,,
L3-L4,,decompression,diskectomy,right,0.509,0.279,,0.006,,,0.506,0.284,0.512,0.274,,,,,,,
L4-L5,,decompression,diskectomy,right,0.5105,0.2425,,0.009,,,0.506,0.247,0.515,0.238,,,,,,,
L5-S1,,decompression,diskectomy,right,0.513,0.206,,0.014,,,0.506,0.214,0.52,0.198,,,,,,,
